id,name,screen_name,location,protected,description,followers_count,friends_count,listed_count,created_time,favorites_count,timezone,verification,statuses_count,language,topic
9.05E+17,Ella Cruz??????????????#IAmTommyRobinson,EllaaaCruzzz,ellacruz.org,FALSE,"Author of ""RING OF THE CABAL"" #IAmTheNRA @GenFlynn @SebGorka @DineshDsouza @dbongino @FiveRights @StephenMilIer @ThomasSowell @CharlieKirk11 @CR",14656,555,46,9/6/2017 11:29,23864,,FALSE,17837,en,hiring
8.06E+17,??ynne???????{??????},poconomtn,PA,FALSE,Governments 1st Duty is to protect the people not run their lives. followed by @threalroseanne @DineshDSouza @GenFlynn @Scaramucci @realjameswoods #Trump2020,36889,13163,36,12/4/2016 22:38,152907,,FALSE,91263,en,hiring
2546258378,Mike Stuchbery ???€????,MikeStuchbery_,"Luton, England",FALSE,"Writer, Teacher & Broadcaster. History - Politics - Art - Travel. Anti-fascist. Will write for????or ??????. DM if I can write, speak or help fundraise for you.",50156,13869,698,6/4/2014 14:26,99482,,TRUE,35994,en,hiring
263062626,Jimmy,boomer78910,,FALSE,"Independent. Great wife! ""MSM?€? = ?€?LAPDOGS?€? = (L)eftists (A)nti-American (P)ropaganda of (D)emocrats, (O)r (G)overnment (S)ocialists. Active since Jan 2018",3743,3854,0,3/9/2011 9:01,7341,,FALSE,18700,en,hiring
2221556630,whiskey_tex_foxtrot,whiskey_tex,,FALSE,"MAGA ????????Conservative. Texan ????????If you are a Trump supporter, check out The_Donald on Reddit. A little spicier and a little funnier than twitter.",3900,4731,29,11/29/2013 14:45,25176,,FALSE,27460,en,hiring
460629863,Tonie Osborne,tluvgolf,"Tennessee, USA",FALSE,"Dearly ?????? God, Husband & our Westie! We ?????? our USA & POTUS ""MAGA"" ????????????-Don?€?t FOLLOW-DM ME- If U BELIEVE TWITTER IS A DATING SITE??????",10087,8804,72,1/10/2012 23:37,81073,,FALSE,75818,en,hiring
2330839911,Paulie,VenicePaulie,"Venice, FL",FALSE,"Family dude, live near the beach - Fluent in Sarcasm - Friend of #Science, #Facts & #Progressives. Open-minded but I despise subterfuge, fake news & liars",510,1073,3,2/7/2014 21:23,17456,,FALSE,4819,en,hiring
9.32E+17,???????? ????SuzyQ???? ????????,SuzyQtrue,,FALSE,"Christian, old #movie lover, bad #gardener.  TY @POTUS 
#HappilyMarried #QAnon #IBOR  #TheRainMakers #DrainTheSwamp  #SpyGate #1A #2A #CCOT #TCOT",6204,6624,9,11/19/2017 3:18,8103,,FALSE,11699,en,hiring
8.41E+17,Nick Doll,LRM_Nick,"Denver, CO",FALSE,"Storyteller, Blogger, Podcaster, Cinephile: Uber-Geek. I write movie/TV news and #BreakingGeek for @LRM_Exclusive and often appear on @TheComicSource pod.",42,188,1,3/13/2017 20:46,2936,,FALSE,2413,en,hiring
9.21E+17,Missy,MissTrinia01,United States,FALSE,??????,16,362,0,10/20/2017 3:35,580,,FALSE,890,en,hiring
2713427480,JoJo,adjunctprofessr,USA,FALSE,Retired CJ professional & college CJ adjunct instructor.Character counts; Leadership matters! https://t.co/aQJQI57rcx?€?#AdjunctProfessr  #WWG1WGA  #MAGA.,44706,33365,59,8/7/2014 1:49,145994,,FALSE,154642,en,hiring
7.61E+17,Mo,moreenie31,Good Ole USA,FALSE,"RN Manager Bone Marrow Transplant Unit Believer, Patriot, wanting a better world for all Enjoy today many can't #MAGA #POTUS #Vets #2A #MolonLabe #Military",4044,3539,10,8/4/2016 22:50,73185,,FALSE,75279,en,hiring
8.02E+17,Jonella Moore,jonella_moore,Indiana ,FALSE,"Disabled RN, Patriot, Christian, Educated American #WWG1WGA #GreatAwakening. Isaiah 41:10-13. I believe in Truth and Justice ????????",6713,6631,13,11/24/2016 4:48,32380,,FALSE,46484,en,hiring
2913678013,DforTrump,thewoman62,,FALSE,Follower of Christ???? Georgia????  Self Employed???? Conservative Republican???? Trump Supporter.????   GOD BLESS???? the USAF & all our troops????????,3114,805,109,11/29/2014 11:33,101603,,FALSE,100530,en,hiring
2793020203,Danaland,danahaviland,"Ship of fools, tied to mast.",FALSE,"Human. Aghast.

Views are my own.",394,516,7,9/6/2014 2:32,30627,,FALSE,19813,en,hiring
193589482,Ginger Merritt,ScarletRoseRed,Texas,FALSE,"God,Bible,Constitution,USA,Texas,Family,Friends,Founding Fathers,Alamo,Fight4 What is Worth Saving,Learn How 2Explain Why It's Right,Get Out of Their Fake Box",3690,2713,104,9/22/2010 5:50,45181,,FALSE,86131,en,hiring
1589378725,Shakalaka,CarlaCube,,FALSE,,427,682,9,7/12/2013 20:36,233031,,FALSE,26760,en,hiring
7.07E+17,"Ursula Rodgers, Trump train #10 and # 12, + more.",UrsulaRodgers11,"Michigan, USA",FALSE,"Married to my best friend, two great kids, love to fish, love our beautiful country. True Deplorable and confirmed popsicle addict. Trump always first. Pisces.",6699,6549,25,3/7/2016 3:05,19528,,FALSE,20383,en,hiring
1436183521,(((Chuck))),Chuck_Morgan3,Rainbow City South Pole,FALSE,Professor of English at CCRI. Proud father and devoted husband. Life is only a dream and we are the imagination of ourselves. Bill Hicks,435,2132,7,5/17/2013 16:59,971,,FALSE,3293,en,hiring
14194035,Sean of the Bronx,jersey2bronx,"Bronx, NY",FALSE,"Teacher, Student, Improviser, (over)Thinker, & either the smartest idiot or the dumbest genius you know.  Co-host of The Question Podcast https://t.co/OcYRQfA1OS",1493,3361,52,3/21/2008 22:30,6571,,FALSE,20795,en,hiring
49948615,Bonnie morgan,pearlgirlonmaui,"Kahana,Maui",FALSE,"tropical lifestyle in hawaii, beauty of nature,sharing art, spirituality and adventures around Maui ??????",242,550,13,6/23/2009 11:17,3024,,FALSE,4748,en,hiring
7.05E+17,emilio nunez,emilionunez1983,"Santa Clara, CA",TRUE,,57,337,1,3/3/2016 2:24,3615,,FALSE,3277,en,hiring
9.23E+17,Monica Stewart,S83865267Monica,"Atlanta, GA",FALSE,"single, sales.",3857,4908,2,10/24/2017 0:38,16949,,FALSE,16695,en,hiring
9.21E+17,Sandra Lee Payne,SandraLeePayne1,"Allen, TX",FALSE,"A Retired RN Deplorable!!!!!
####MAGA....PATRIOT& TEXAN!",937,718,3,10/18/2017 16:59,16956,,FALSE,18871,en,hiring
8.14E+17,JHilton COVFEFE,1hardkernel,"Louisiana, USA",FALSE,"FREE EAGLE / ATTN , ALL KEEP AMERICA GREAT!!KAG/MAGA follows me follow back.LOAD THE TRAINS FOR MIDTRM GAINS TOOT/ CHRISTIAN PATRIOT ! OUR COUNTRY/CHOICE",4268,4983,12,12/29/2016 3:53,7070,,FALSE,36687,en,hiring
226545575,TCore,DeusExMacarena,East Coast,FALSE,"Internet has-been, musician, IT guy. CHALLENGE OF FIVE GAUNTLETS in production now.",168,89,11,12/14/2010 12:52,4651,,FALSE,6311,en,hiring
21334006,Alex Gervasi,AlexontheMic,Los Angeles - Philly,FALSE,"Radio Personality ???? 
Intersectional Feminist ???? 
Music Lover ???? 
Sports Fan ???? 
South Jersey Girl ????",11801,1635,216,2/19/2009 20:12,9744,,TRUE,142340,en,hiring
8.32E+17,Deon,imnottayediggs,Wakanda,FALSE,I pretend to be other people.,1931,232,17,2/16/2017 22:40,12937,,FALSE,8034,en,hiring
8.81E+17,Lynn,laxix43,"Citrus Heights, CA",FALSE,"retired Insurance Broker, lives in Citrus Heights, Ca.",33,63,0,7/1/2017 0:10,3180,,FALSE,3328,en,hiring
57937913,Cheraton,CheryleWharton,U.S.A.,FALSE,,30,74,0,7/18/2009 13:59,92,,FALSE,115,en,hiring
7.76E+17,Terry Grams,grams_terry,USA,FALSE,Liberal and proud of it.,97,244,4,9/15/2016 15:56,30944,,FALSE,18097,en,hiring
57113074,ImaNurse#deplorable,harplover,,FALSE,"BSN, Christian, Conservative.The beauty of the 2ndA is that it won't be needed until they try to take it! Thomas Jefferson #ProudNRAmember2018",3372,2934,55,7/15/2009 19:35,30458,,FALSE,48210,en,hiring
495021290,Sheilas ????,Sheilas11,United States,FALSE,"Fiscally conservative, socially moderate. We need efficient, cost effective govt following the will of the People, not elitists. Proudly Blocked by @NYTimes ????",2962,3293,2,2/17/2012 14:23,34516,,FALSE,55384,en,hiring
9.00E+17,Uncle Not Indicted Skorpie,unclescorpie,,FALSE,from enemy Canada. #BlockedBy many #Resistance from North. I support @omarvaid in NY-11.  #FBR i welco.e #magats.  bring it,4273,4370,7,8/22/2017 1:50,41962,,FALSE,40853,en,hiring
9.02E+17,Robin Paul,RobinPa77,United States,FALSE,"MBA in Business, PHD in History, ?????? world travel, Science & Technology, World News. StanfordU, SFU. #Family #Country #TRUMP! ???????? #WalkWaySupporter #SuperElite",3252,4240,8,8/26/2017 18:17,18969,,FALSE,24258,en,hiring
397488806,flo,angelstarfl7,Earth,FALSE,"An informed, Christian woman, who believes in the constitution, second amendment, the King James Bible!. I am not a Republican nor Democrat, I am a Patriot!",242,359,2,10/24/2011 19:16,5241,,FALSE,5674,en,hiring
63328416,Jenni From The Block ????????????,Jenni_Lynn42,Virginia,FALSE,I'm not a doctor but I did stay @ a Holiday Inn Express last night ~ I have zero tolerance for bullshit and non-alcoholic beer ~ Former Upstate NYer,552,839,41,8/6/2009 1:40,218,,FALSE,12448,en,hiring
412728468,Brittany LaFemina,brittshow,,FALSE,"Be kind and make time for those who need a friend. ?????????????????? I enjoy all things space, Stevie Nicks, Fleetwood Mac, Pink Floyd, & Joni Mitchell.",175,112,0,11/15/2011 2:23,589,,FALSE,14586,en,hiring
539453078,Todd,TCribby,,FALSE,Just an normal father of twins hoping to leave a better America for them.,669,479,15,3/28/2012 22:47,32466,,FALSE,17417,en,hiring
3324009111,Sherry Lynn Pool,sherrypool48,,FALSE,"Conservative, Wife of Vietnam Combat Veteran, Christian, Pro Life, Make America Great again! God bless Israel & The USA!",8752,8907,31,6/14/2015 2:10,20855,,FALSE,18230,en,hiring
239205857,Dennis,Dennis_Falsetti,"New York, NY",FALSE,"I Will Live For Love, Wherever It May Lead.",303,125,15,1/17/2011 2:35,19261,,FALSE,8665,en,hiring
14151179,Joshua Miller,jo5h,"Charlotte, NC",FALSE,husband. dad. web nerd. people lover.,259,461,7,3/15/2008 3:44,4100,,FALSE,1540,en,hiring
388190869,Pennyless Church,PennylessChurch,"Washington, USA",FALSE,A Ministry based onThe Gospel of Jesus Christ Helping The Homeless & Hungry. Working to get our nations Veterans ???????? in need off the streets.,5415,5333,105,10/10/2011 10:26,14122,,FALSE,80427,en,hiring
7.83E+17,Trump2020,MI_4_TRUMP,"Michigan, USA",FALSE,"My name is Christian, proud husband & father. TRUMP 1000%! #2A #BuildTheWall #MAGA #Qanon
#BackTheBlue #USMC #KAG
@wikileaks @JudicialWatch @LouDobbs",18891,16150,26,10/2/2016 22:15,12997,,FALSE,19424,en,hiring
4431639255,SPANG,CMontyBurnsIII,New York,FALSE,"Writer/Artist/Comedian/Best Tetris Player in the World   
         Influences: Jalen Rose - Ghostface - Dali - Harris Wittels",14975,15470,14,12/9/2015 23:48,13859,,FALSE,8906,en,hiring
1416236905,Geo Vein,geo_vein,"Wintersville, OH",FALSE,"Musician, Drummer, Technical Guru. I?€?ve been a geek before being a geek was cool.",48,261,2,5/9/2013 18:55,403,,FALSE,572,en,hiring
363737017,Jeff Van Gundy Burner Account,Ferniewap,,FALSE,,335,179,6,8/28/2011 16:14,7003,,FALSE,10116,en,hiring
23782377,Eric Menefee,telepastor,Maryland,FALSE,"Telecaster, Pastor, Author, ASL I?€?m not ashamed of this Gospel #Kingdom #Grace   https://t.co/nvvudguPd4 John13:35 https://t.co/uUX7zfK35L",1337,2054,29,3/11/2009 16:00,35283,,FALSE,12077,en,hiring
293345072,Colton Burton,colton_burton,"St Louis, MO",FALSE,"i am 27 I am an artist of many sorts I love photography, singing, tattoos, hair and as of recently flying. I dream for big things. we'll see how it goes.",96,418,1,5/5/2011 5:41,161,,FALSE,826,en,hiring
719188219,JJ MAGA!!,aaa111333zzz,SLC,FALSE,All tweets r only my opinion. Don't own content. Memes are borrowed. FIGHT AGAINST MARXISTS & OTHERS OUT TO DESTROY OUR NATION! MAGA!! I ONLY BLOCK BUTTHOLES????,5521,6053,100,7/27/2012 1:46,4833,,FALSE,110055,en,hiring
7.14E+17,Dorcas,wisecc1,"Florida, USA",FALSE,Follower of Jesus Christ! Only God and love matter! Psychiatric Nurse 32 years. Get off the drugs get wisdom from God! Fix the future by looking at the past!,5717,5813,82,3/28/2016 14:35,109904,,FALSE,143683,en,hiring
17170176,PenWize,PenWize,"Raleigh, NC",FALSE,"My first career was as professional ballerina. Then, chef, teacher and now a writer, artist and podcaster.",233,393,19,11/4/2008 21:50,526,,FALSE,767,en,hiring
3309890767,Camp Kayio,CampKayio,"Arkansas, USA",FALSE,Veteran ???? Wife????Dog Lover ????????,729,663,4,8/8/2015 17:04,48486,,FALSE,17275,en,hiring
8.05E+17,Marcelis,dmarscout,"Pennsylvania, USA",FALSE,"Phillies, MLB, Music, Science,Philadelphia, Chicago, Ocean City NJ, dog rescue,USAF Veteran, Defender of the Constitution, Hater of Hypocrisy",84,166,1,12/2/2016 17:33,8261,,FALSE,4394,en,hiring
9.50E+17,???? Guns And Family ????????????,drugsandmedicin,United States,FALSE,"my tweets are my own.  #STAND #AR15 #TRUMP???????? #WINNING #Patriot #MAGA  #TrumpTrain ???????????? #1st #2nd 
@realDonaldTrump",7814,7926,12,1/6/2018 14:14,7229,,FALSE,3701,en,hiring
253257813,eResist,elyse4design,New York,FALSE,Jewelry designer and fine art photographer,3771,3956,209,2/16/2011 21:48,207217,,FALSE,310541,en,hiring
1512360512,Sweet Cheeks ????????????????????,Sugarbum1111,Texas,FALSE,I am a baking freak & gluten-intolerant. Let's be sweet. I'm trying to get political. We will make it together. #Resist #TrumpIsARussianAsset,10389,8044,27,6/13/2013 4:09,96757,,FALSE,8706,en,hiring
9.52E+17,Craig Crawford,CraigCr97665875,"Texas, USA",FALSE,"MY AIM IS CONSTITUTIONAL HONOR, love of bill of rights, HARD CORE SECOND AMENDMENT,45 cal. 24/7 CWC, VIETNAM VET 1964-1967 , BEAUTIFUL WIFE OF 27  YR!",218,272,0,1/13/2018 17:00,1201,,FALSE,3360,en,hiring
8.94E+17,Lisa A Schulz,LisaASchulz2,"Valparaiso, FL",FALSE,Anxiety ridden American waiting to wake up from this nightmare. #NeverAgain,1679,1806,3,8/6/2017 2:19,21825,,FALSE,25191,en,hiring
9.70E+17,token,token71676485,United States,FALSE,Open minded,0,0,0,3/4/2018 14:24,2,,FALSE,1366,en,hiring
16659311,Manhattans w/Wry ????????????,DD733,NYC,FALSE,#Writer Lobster Rolls/Blueberry Pie @HarperCollins & mags NBC/CBS/ABC News & Fic TV #Retro #Jazz #LGBT #Feminist #neverbernie #binder #tcmparty @TCM @medium,2456,2170,72,10/9/2008 0:46,33438,,FALSE,29166,en,hiring
9.19E+17,SK,disqus_sk_user,The NSA knows,FALSE,Silver rule beats golden rule,408,344,0,10/14/2017 18:24,22448,,FALSE,2717,en,hiring
3589878313,PoliticallyIncorrect,Politicallyin18,*FL Panhandle*,FALSE,"Happily married,
CCOT,
MAGA,
AUDIT PP, Clinton foundation & Congress.
WHO IS BRIBING WHO??
#LockThemAllUp, POLITICS ONLY, NO DM, I block bluewave/resist morons",7317,6857,60,9/17/2015 3:54,2371,,FALSE,69595,en,hiring
574791384,OverIt,jmack0813,"Pure Michigan, Lake Huron",FALSE,"Paralegal ?????????? ????????????Great Lakes provide 84% of NAs fresh water source and 21% of the worlds fresh water!BLESSED BE ????TRUMPeter, NRA MAGA",2655,3096,10,5/8/2012 18:59,52943,,FALSE,25661,en,hiring
128091413,Brantel,DRADAIV,,FALSE,,318,681,6,3/31/2010 2:30,26207,,FALSE,21667,en,hiring
214131069,QueenofDarkness,QueenofDrkns,Rent Free In Your Head,FALSE,Truth Speaker. Witty. Tactless. Naturally Sarcastic. Facts over feels. Conservative Independent. Said #NeverTrump and meant it. MAGAT/LIST Blocker.,2181,1876,84,11/10/2010 17:00,44626,,FALSE,49136,en,hiring
3368660009,oOoMellieoOo,oOoMellieoOo,Anywhere but here ,FALSE,"Filthy liberal atheist upsetting the apple cart since 1979. NEVER AGAIN means never again for ANYONE. Screw Trump.

Warning: I swear like a sailor??\_(???)_/??",4178,4981,27,7/10/2015 3:38,101653,,FALSE,37350,en,hiring
22962349,John Beemster,picassobox,"Milwaukee, WI",FALSE,Engineer. AF Vet. Politically agnostic with a lean towards rational discourse and a desire to flog both extremes for their wonky ways. #TheResistance #FBR,11874,12500,6,3/5/2009 19:15,1974,,FALSE,3748,en,hiring
3236191927,Jerome Daniels,JeromeDaniels16,"Dallas, TX",FALSE,"Open self thinker,",6,157,0,6/4/2015 15:25,65,,FALSE,30,en,hiring
108200227,WriteHanded,JustDoWrite445,Mid-Atlantic East Coast USA,FALSE,#MAGA #KAG #2A #ProMilitary #BackTheBlue #Conservative #Baptist #NoDACA #DefundPP #VoterID #FeminismKILLS #MensRights #WalkAway #TruthInMedia??????????????????,4226,4633,12,1/25/2010 5:02,11259,,FALSE,9507,en,hiring
264231258,Liam,NoVaTwitr,Elite Coastal Region,FALSE,"Dad, husband, Democrat, Navy vet, IT, owner of Airedales. STOP THE TRUMP DISASTER!!! If you still support Trump, doubt we can be friends.",399,723,2,3/11/2011 15:22,5093,,FALSE,9004,en,hiring
16163601,ChrisAGilbert,ChrisAGilbert,"New Haven, CT",FALSE,"Hard Worker, Sharp Dresser, All-around Nice Guy and Bon Vivant",123,271,9,9/7/2008 2:04,388,,FALSE,18021,en,hiring
8.87E+17,Maria Velazquez,Brooklynmom1,,FALSE,,67,158,0,7/19/2017 2:28,5824,,FALSE,6181,en,hiring
52119715,Dennis Littlefield,dlfield,"North Richland Hills, Texas",FALSE,USMC ?€?91-?€?96 | BS | MBA | Mensa | 10th (at least) Generation American (colonial+) | An Ally | P.S.,1225,169,7,6/29/2009 17:15,11852,,FALSE,3877,en,hiring
2244048560,Alphonse Scribnetti,ALScribner2,USA,FALSE,Varied interests. Have learned a lot by listening to multiple viewpoints. Retweets & Likes don't necessarily mean I agree w/ message or sentiment expressed.,162,1096,2,12/13/2013 15:12,20140,,FALSE,10413,en,hiring
9.23E+17,Carrie Wright,lightonterra,,FALSE,"????Medical #MAGA                                               #TrumpTrain  ???????? Block liberals  Here For Trump, News, & Opinions   Follow-back ????????????",3975,4779,5,10/26/2017 0:55,8125,,FALSE,8479,en,hiring
173996093,Wilfredo,Wilfredo_Rosado,New York,FALSE,,2248,416,33,8/2/2010 21:33,11367,,FALSE,6407,en,hiring
7.54E+17,Danielle,dlundy3604,"Clarksville, TN",FALSE,It's been a minute since I've been on here. Glad to be back,26,256,0,7/16/2016 23:38,284,,FALSE,634,en,hiring
48251407,Sue,Suectoo,"California, USA",FALSE,Always Thinking!,89,455,0,6/18/2009 4:57,1627,,FALSE,1310,en,hiring
8.33E+17,LittleLog,KathySmallwoo18,"Georgia, USA",FALSE,#TrumpTrain????????#KAG????????#JesusChrist????????#Israel????????#Beach????#BonnieRaiSox????#EyeInTheSky????#Libra??????#Family?????€??????€??????€?????#GaPeach????#LoveMyHusband??????Happily Married!!!,3022,3518,10,2/18/2017 19:59,10743,,FALSE,10998,en,hiring
43914018,Rusty Plunkett,Rutro19,Quad Cities IA/IL,FALSE,"Physical therapist, baseball enthusiast, Cubs fan. Educating the public on baseball injuries, prevention, and rehabilitation is my passion.",151,391,1,6/1/2009 16:24,734,,FALSE,803,en,hiring
8.25E+17,AltFireAviationNPS,AltFireAviation,Gives A Fuckistan,FALSE,"Alternative Fire&AviationMngtNPS       Sharing Facts on the Effects of Climate Change on Fire & Fuels 
#AlternativeFacts Free Zone
#resist #theResistance",1735,644,53,1/27/2017 23:10,14690,,FALSE,23467,en,hiring
1250732653,bill marmion,BillWhmiii,"Houston, TX",FALSE,entrepreneur I specialize in flipping real estate  & am a full time representative for Klein Roofing helping people put back their roofs to better than new!,1300,3062,25,3/8/2013 4:30,7600,,FALSE,16340,en,hiring
22669086,xrey,xrey1,"Area 52 NV (nxt door), really.",FALSE,Hello Darkness My Old Friend,6032,5858,62,3/3/2009 20:00,79327,,FALSE,75537,en,hiring
26919250,SLNovak???????????,_SLNovak,"The Woods, Southern US",FALSE,My own little world of #Politics #Cooking #Lit #Television #Ukulele #LGBTQ #badphotography #dogs #cats #rabbit #Florida #ImpeachTrump #RESIST #TheResistance,331,668,1,3/27/2009 1:52,36665,,FALSE,17006,en,hiring
8.97E+17,ILikeToThink,IThinkBasic,,FALSE,"Just your average-Joe basic thinker, adding my two cents.",6,26,0,8/14/2017 5:56,64,,FALSE,480,en,hiring
8.79E+17,MrCalvin,MrCalvin14,,FALSE,"Veteran, father of a Veteran Grandfather to two on Active Duty. Married to Great Wife,4 Kids, 9 Grandchildren, 3 Great Grandchildren.",28,101,1,6/24/2017 17:51,937,,FALSE,809,en,hiring
17138778,Bekah,rebekahkfreitas,"Winston Salem, NC",FALSE,Florida native-Now living in NC-Married-Very Outspoken-Liberal-Animal Lover-Miami Dolphins Fanatic. #TheResistance,164,333,13,11/3/2008 20:13,4904,,FALSE,19086,en,hiring
277219310,kevin,kmck085,,FALSE,,23,698,0,4/4/2011 23:05,478,,FALSE,343,en,hiring
2583105734,King,bking12_bryan,Higher Love,FALSE,"Maybe someday something good will happen????????MAGA????????Pro Israel-Pro Life??????#Stand for the American Flag #Respect American #1A,#2A,Trump 2020,????#bullies#hate.#Q",6094,5446,6,6/23/2014 1:25,40176,,FALSE,47355,en,hiring
8.84E+17,?€?Crisis Actor?€? Comrade Covfefe,ComradCovfefe45,Russia,FALSE,"Job: Twitler Translator AKA: Benedict Drumpf, Traitor in Chief, KKK/Nazi Sympathizer ((MaRIA=Make Russia Influential Again)) ((RAT/D=RyanMcConnellT/Drump/f))",355,420,0,7/9/2017 18:47,70953,,FALSE,51133,en,hiring
20826129,Deplorable AZDreamer,tasteofaz,Phoenix,FALSE,"passionate, innovative, free mkt enthusiast of financial independence & constitutional govt based on moral ethics & individual liberty to #MAGA just #WalkAway",21185,21157,316,2/14/2009 2:22,132,,FALSE,289368,en,hiring
54357081,JC Denton ????????,Karmac0de,United States,FALSE,"Advocate for humanity. I mute #Resist accounts... Except for the socialist ones, because they are hilarious.",71,154,0,7/6/2009 22:33,15882,,FALSE,1536,en,hiring
7.98E+17,3 Beans ???????? KAG2020,jhysko01,United States,FALSE,"Constitutionalist, Army Veteran, Free the Plants! Proud Christian mother, #ReleaseTheCures ?????? POTUS, #MAGA #MAGAveteran",3702,4593,2,11/14/2016 1:37,35661,,FALSE,9755,en,hiring
81189361,Lgaines,Funnilady,,FALSE,,10,83,0,10/9/2009 19:56,275,,FALSE,173,en,hiring
236037775,InTheField,JustOneTulip,South Florida,FALSE,"Keep Your Head Up! 
Formerly RightOnWeekly",4038,4969,0,1/9/2011 17:16,16327,,FALSE,45563,en,hiring
4421758576,@mom Bates,BBeca1234,"North Carolina, USA",FALSE,A home mom,350,260,0,12/9/2015 1:48,19154,,FALSE,15042,en,hiring
43378629,Wrath of Chaka Khan ????,ta2t2o,USA,FALSE,I prefer not to think before speaking. I like being just as surprised as everyone else by what comes out of my mouth. #FlyEaglesFly????#vetsforgunreform,1723,1689,27,5/29/2009 18:09,55077,,FALSE,69227,en,hiring
1965250849,Political Doodle,PoliticalDoodle,,FALSE,Liberal liberal liberal. AKA I manage by fact. I tell it like it is & rarely pull my punches.And I'm mad as hell #RESIST #TheResistance #Russiagate #GOPchaos,2511,2256,13,10/16/2013 17:37,24170,,FALSE,29299,en,hiring
1123510417,M'Just Saying,MJustSaying4u,Amsterdam,FALSE,,307,241,2,1/27/2013 0:00,27462,,FALSE,5044,en-gb,hiring
7.26E+17,philly girl,awinktrump2020,,FALSE,Excited to make America Great Again!!! #MAGA,1434,1501,5,4/30/2016 2:39,10087,,FALSE,2484,en,hiring
235826599,John Sloman,thejohnsloman,,FALSE,Citizen of the World https://t.co/W8xAePB0U3,247,625,7,1/9/2011 4:51,5289,,FALSE,5766,en,hiring
439004570,Lisa Martin,LisaBoopadoop,"Monroe, WA",FALSE,,76,141,0,12/17/2011 7:51,1488,,FALSE,396,en,hiring
426089511,Loretta Waldman,LorettaWaldman,"West Hartford, Connecticut",FALSE,"Writer, mom, news junkie. I'm all over higher education, healthcare & anything else that interests me.",282,772,10,12/1/2011 20:43,3341,,FALSE,1431,en,hiring
1691786624,lindadee,ferlindad,,FALSE,,288,171,0,8/22/2013 18:30,42022,,FALSE,16405,en,hiring
9.22E+17,Maggy Pauline,maggy_pauline,United States,FALSE,#MAGA I stand with Israel! ???????????????? I support the Constitution! #FREEIRAN,1935,2377,0,10/21/2017 12:31,3441,,FALSE,2384,en,hiring
9.43E+17,Laurinda Cole MAGA????????,apostlelaurind4,,FALSE,"Conservative Christian, #MAGA,  world's greatest Richard Grieco Fan #Deplorable ???? other acct suspended by twitter workers????????????",1854,2819,3,12/19/2017 22:09,2220,,FALSE,11637,en,hiring
304270324,COVER UPS,alienfriendly,which world?,FALSE,listening for the secrets and searching for the sound - everyone pay close attention your missing quite a bit that is going on,883,582,13,5/24/2011 7:04,272,,FALSE,524,en,hiring
7.77E+17,T-Rex Arms,KathyMcQ1,Cretaceous Period,FALSE,"Pro law enforcement, military, the intel community, science, sci-fi & Pulitzer prize winning MSM. Ex-FBI.  Casual cyclist.",110,687,5,9/17/2016 18:28,803,,FALSE,5046,en,hiring
17000619,eyedoc11,EyeDoc11,,FALSE,"Trust me, I'm a doctor!",7034,6150,85,10/27/2008 15:42,1277,,FALSE,38680,en,hiring
7.74E+17,IL deplorable,larryfortrump,"Robinson, IL",FALSE,sick of corrupt government and want some common sense put back,569,286,5,9/8/2016 1:00,26863,,FALSE,26031,en,hiring
9.48E+17,ann,ann01138178,,FALSE,Enjoying life w/ everyday I'm privileged to be here!,56,60,0,1/1/2018 23:50,7372,,FALSE,714,en,hiring
280640419,Blake,IamstillBlakeD,Oklahoma,FALSE,I built this with my bare hands.,540,491,13,4/11/2011 18:59,16900,,FALSE,21392,en,hiring
9.47E+17,Wolfwhitaker,wolfwhitaker,,FALSE,I typically like bass without the b,80,728,1,12/29/2017 3:39,5321,,FALSE,5732,en,hiring
176967147,Donna McGill,Cat_5_Cane,South Mississippi,FALSE,"Published #writer & #editor for companies around the world. Home is golden #MS #GulfCoast
Instagram: donnamcg68 
Facebook: donna.burroughs.mcgill",1194,2429,36,8/10/2010 22:37,5306,,FALSE,13363,en,hiring
1014883080,Potemkin ????,MKapronica,"Cleveland, OH",FALSE,"Web Developer, Veteran, Gamer",32,128,1,12/16/2012 10:14,1658,,FALSE,2366,en,hiring
8.48E+17,John 2000,JohnKrone2,"Oakland, PA",FALSE,"I'm retired General News, try to be open minded",34,83,0,4/1/2017 4:29,997,,FALSE,2242,en,hiring
4711232840,RandomlyRyan,RandomlyRyan_CG,,FALSE,"Aspiring Author and Lupus Awareness Warrior! @FullSail Graduate! A ""Moderate"" - NOT left or right.",1239,1035,77,1/5/2016 1:19,5389,,FALSE,4786,en,hiring
110514178,Beachy Piers ??????????,BeachyPiers,,FALSE,"DIY biz, Mom, Registered Nurse, Bernie Sanders Supporter, Hippie, Music Lover,#MedicareForALL, #NeverAgain , #NoDAPL,  #BLM We are all one species- HUMAN.",1732,2099,64,2/1/2010 20:34,8436,,FALSE,9278,en,hiring
123052944,transistor,runningsub4,,FALSE,#resist - commentary and all satire and parody,205,956,10,3/14/2010 20:52,458,,FALSE,7432,en,hiring
95235599,"there is no justice, it's JUST US",dekawill,"Florida, USA",FALSE,Love the one you are,2454,3486,0,12/7/2009 16:51,20905,,FALSE,7942,en,hiring
1965826896,Johnny Thunda,jthunda65,,FALSE,Deplorable from New England love my country Pres. Trump Liverpool Red Sox! and the B?€?s #MAGA #Deplorable #Patriot #Trump2020,17050,17540,6,10/17/2013 1:43,9754,,FALSE,5974,en,hiring
1673370270,tammyb,tambid1,,FALSE,Serious Army Brat - lived in 7 countries; college educated HR Professional; TRUMP supporter; mom of a Libertarian millenial...,989,355,6,8/15/2013 15:13,45585,,FALSE,57450,en,hiring
