UserID,TwitterName,Followers,Followings,Verified,FakeNews
356360314.0,LGKITTEN,4592,4488,False,FBI
1017570618.0,ginarocksu,3855,4582,False,FBI
3824719760.0,RNHAAP,743,722,False,FBI
1357135723.0,emilykholcomb,1289,1283,False,FBI
106341627.0,JaneJSnow,130,207,False,FBI
2740295187.0,kmeadows61,510,883,False,FBI
8.75896e+17,leahbirdjohnso2,11712,12863,False,FBI
131879711.0,BobSikes,1145,2566,False,FBI
42966601.0,MarcInNorthTex,5169,4551,False,FBI
172374929.0,RedWineTCO,5097,3397,False,FBI
2715505187.0,rbhodges0131,2101,3302,False,FBI
7.90609e+17,ChuckRoss13,6557,6766,False,FBI
1377251935.0,readthebooks2,489,953,False,FBI
21796012.0,Ambellina77,2435,3993,False,FBI
2954204933.0,johnjharvey1013,389,802,False,FBI
234569656.0,tyy_927,365,202,False,FBI
31246318.0,BucksUnredacted,11403,9384,False,FBI
1513885538.0,rjkok2,917,783,False,FBI
7.86774e+17,loriBra16435608,913,686,False,FBI
82304910.0,DDeBurgen,709,96,False,FBI
2381241810.0,qubrat1s,1963,357,False,FBI
14749923.0,dsm012,2534,2350,False,FBI
9.27319e+17,realJohnnyZipp,35982,33252,False,FBI
7.98002e+17,Psalm91ALWAYS,3384,3962,False,FBI
1158473863.0,gatoconbootas23,1184,1248,False,FBI
8.22575e+17,deplorareaper,6941,5731,False,FBI
54381400.0,corkyengel,232,85,False,FBI
2801947348.0,the_irishbard,7,336,False,FBI
9.57437e+17,jaxster60,2382,2403,False,FBI
32319442.0,anastunya,2680,4378,False,FBI
7.93496e+17,arelab13,2823,435,False,FBI
505128368.0,CrossNails,345,537,False,FBI
3389835484.0,janel_savage,538,947,False,FBI
8.9808e+17,MrGrumpyPants1,3327,3861,False,FBI
7.96835e+17,Deplorable80210,23826,23954,False,FBI
534076317.0,GoreToniPastor,1878,1941,False,FBI
8.63403e+17,ShawnaChelette,2443,2514,False,FBI
874426908.0,woodringgma,1920,2407,False,FBI
8.50351e+17,Leonard_210,549,1169,False,FBI
261241981.0,GiveUsTruthNow,1788,2081,False,FBI
732980827.0,ChatByCC,275794,35526,False,FBI
2914911585.0,PU41967,450,481,False,FBI
8.74296e+17,dgaliger2,13240,12530,False,FBI
3284793343.0,ona3pica,383,287,False,FBI
8.7255e+17,Wildling0022,885,1461,False,FBI
7.73225e+17,NancyKnittle,643,186,False,FBI
8.88281e+17,John86834443,192,603,False,FBI
1265182123.0,NinaCalic09a53,1291,367,False,FBI
4839404062.0,Wallace35106091,3101,4998,False,FBI
8.53605e+17,peko3417,1180,1167,False,FBI
8.40628e+17,Britt_mtngirl,673,4500,False,FBI
416723234.0,qwreggelsworth,2603,4765,False,FBI
253212754.0,SAPTCLLC,629,1418,False,FBI
326386683.0,debbmiracle,725,950,False,FBI
1684178449.0,gbsamples,1551,1928,False,FBI
185579226.0,autumnrainwater,7523,7477,False,FBI
4245607353.0,RustyBrown34,320,181,False,FBI
3973338112.0,JimsTwitAct,328,879,False,FBI
34041397.0,jscotttwc,261,1261,False,FBI
272152613.0,qryche1,869,659,False,FBI
67227970.0,ANTIQUE4UNIQUE,3171,4961,False,FBI
3317934680.0,BillRus38709654,161,255,False,FBI
194343140.0,irishshopgirl1,865,2789,False,FBI
37127042.0,woohoo9,5369,5539,False,FBI
26122639.0,WashingtonDCTea,165205,181732,False,FBI
286479483.0,21stcenturycrim,2006,1657,False,FBI
476995113.0,LarryOQuinn,3113,3078,False,FBI
2327757307.0,chevy304,1043,371,False,FBI
7.44533e+17,hawkin_scot,4379,5001,False,FBI
7.46417e+17,bookathyboo,3903,4971,False,FBI
2247644238.0,juniperbreeze07,3931,5001,False,FBI
8.02315e+17,ChristyRocks40,982,565,False,FBI
41096129.0,Vdoniel,749,1061,False,FBI
3788048898.0,russ_ayers,1249,1556,False,FBI
166421491.0,mindyoh,186,983,False,FBI
7.13439e+17,CTomme2,532,719,False,FBI
213072536.0,TheRealEvelynK,4368,4332,False,FBI
529477158.0,Tricia4Trump20,457,485,False,FBI
2340774583.0,NONONOEU,3073,1315,False,FBI
4225860012.0,deplorable_s,9426,9934,False,FBI
8.01828e+17,duster_john,5912,5521,False,FBI
3359814747.0,TripleJ41045,60,251,False,FBI
2703457185.0,imrayswife52,20479,17386,False,FBI
802659122.0,Virginia4USA,11246,10390,False,FBI
584311330.0,cherokeenatv46,196,348,False,FBI
260920761.0,WesternPAJon,815,310,False,FBI
287434334.0,cheryl319,5846,5912,False,FBI
7.52656e+17,passion_4truth,3527,2978,False,FBI
16350376.0,Mikel_Woodall,730,564,False,FBI
7.1495e+17,DebraMMason1,27164,25295,False,FBI
3995662453.0,ShellyKennisto1,13733,13257,False,FBI
3020455940.0,lynn_weiser,22526,21992,False,FBI
7.27349e+17,PeggyCombe,291,555,False,FBI
9.22512e+17,RealitySmackU,5242,5514,False,FBI
317855151.0,jacobspm,460,743,False,FBI
449975220.0,AmyAndering,1859,3145,False,FBI
438021612.0,krod2516,368,653,False,FBI
8.27672e+17,JSEIFERT10,1278,689,False,FBI
1332568579.0,JamesRitch1,11631,6022,False,FBI
7.79502e+17,figment2211,1399,1348,False,FBI
7.81907e+17,FaithBoldness,778,1013,False,FBI
19354935.0,Lanacb,1755,1904,False,FBI
550767396.0,JohnG405,5615,3201,False,FBI
46675144.0,boycottNFLMSM,243,935,False,FBI
7.02132e+17,Delmarva123,2607,4695,False,FBI
3063990535.0,cassidyphoenyx,2585,2343,False,FBI
7.23497e+17,botany_bay16309,405,36,False,FBI
8.85559e+17,bigpodesta,1335,891,False,FBI
16022444.0,varks3,481,1565,False,FBI
64063203.0,31taiuqsab,681,570,False,FBI
3308367739.0,Usual_Nobody,3003,4233,False,FBI
1653051.0,prietoj,3099,2095,False,FBI
16261763.0,dgrimes248,141,429,False,FBI
8.44202e+17,PlimouthOutWest,2185,1964,False,FBI
8.34193e+17,NewCIDOC,3518,3328,False,FBI
317364093.0,chasterthree517,5113,4438,False,FBI
8.85711e+17,Shawzer_,33,57,False,FBI
8.28259e+17,SsGoldfish,811,836,False,FBI
12626212.0,wernet,321,879,False,FBI
447585721.0,DunceBiden,2353,3791,False,FBI
53557635.0,BillCarson2162,834,2776,False,FBI
309119396.0,tronictime,4653,5104,False,FBI
7.09969e+17,DoxieMama007,1136,974,False,FBI
3401976105.0,mericanvet,1688,1659,False,FBI
517509150.0,aeilflaed,8560,6332,False,FBI
8.87278e+17,daisy_ima,10259,11163,False,FBI
9.49408e+17,ReggieMeezer,2759,2748,False,FBI
31637700.0,jackiedivenere,567,562,False,FBI
9.60697e+17,Cin_Loves_Jim,922,1531,False,FBI
158610503.0,JulesPSpencer,1892,1912,False,FBI
9.48458e+17,Kevin_E_K,332,564,False,FBI
2733321497.0,DGrizzzard,245,1392,False,FBI
241803028.0,melgrissom,4879,4349,False,FBI
3278514966.0,ideclaro,503,637,False,FBI
1905253668.0,BatbrahamLincmn,227,194,False,FBI
2297125818.0,dwulke,1276,78,False,FBI
543819967.0,pdg201,755,244,False,FBI
108496256.0,MarcieDreyer,2483,2968,False,FBI
960391566.0,dmsherfy,1933,1864,False,FBI
2289955818.0,monstervotemaga,4154,4737,False,FBI
530812694.0,catonglue,265,37,False,FBI
492200524.0,1Gulfwarvet,113,146,False,FBI
885871045.0,BonBee81,4271,2225,False,FBI
7.03317e+17,Carter6972,1488,880,False,FBI
7.58648e+17,chaswcar1a,2373,3889,False,FBI
9.15251e+17,JoniGroves1,346,123,False,FBI
8.187e+17,LillySlapper,304,102,False,FBI
1905114859.0,matt4etc,170,136,False,FBI
2241705772.0,tshearer54,74,229,False,FBI
7.80829e+17,thatgirlsandra5,1742,812,False,FBI
88087810.0,ladieann,1979,1357,False,FBI
8.79791e+17,RebeMccarthy,4363,5000,False,FBI
4416600737.0,covartsl,1933,3105,False,FBI
2411474370.0,Michael2014abc,1994,5000,False,FBI
7.07548e+17,Iza77789584,3029,2842,False,FBI
7.97226e+17,BetsyRoss99,4854,4823,False,FBI
7.81707e+17,ArumFox,243,332,False,FBI
9.39978e+17,VetsFirst11,55,153,False,FBI
7.45429e+17,DanielWGibbs1,3734,4326,False,FBI
8.72626e+17,ResistFakeNews,4926,4980,False,FBI
32877719.0,maksbury,3112,3407,False,FBI
229278838.0,AliasHere,8899,8743,False,FBI
4261421361.0,kimberly_kucera,1280,1530,False,FBI
22083080.0,Rossie3,99,334,False,FBI
52190807.0,pmbasse,12427,6756,False,FBI
7.19208e+17,Boomingbox,6081,5265,False,FBI
541198983.0,SERD1983,3221,2083,False,FBI
261749735.0,steph93065,255847,107559,False,FBI
9.1712e+17,PaulGrimm20,960,452,False,FBI
2851732560.0,dougw63,2185,2701,False,FBI
9.58928e+17,Dave13593715,2713,2399,False,FBI
2820491088.0,tladd58,8285,8824,False,FBI
9.544e+17,GinnyOBrien7,1628,1346,False,FBI
2183015779.0,badpacifist1,2087,2124,False,FBI
517098987.0,Dawn_Raine,16807,16947,False,FBI
2922305530.0,Ken_PNW,1066,1268,False,FBI
8.76953e+17,rsdos630,1011,789,False,FBI
934824404.0,ajbuck85,1592,3446,False,FBI
9.58422e+17,Steel_Ironwork,3488,4737,False,FBI
505010226.0,Dega_1964,1029,1325,False,FBI
7.28801e+17,gnomad57,394,556,False,FBI
874490478.0,planopam44,34,66,False,FBI
521966673.0,JamieRJN,9471,8907,False,FBI
4265996255.0,ZiembaDenise,7009,6726,False,FBI
8.2255e+17,ColeenC123,2954,4460,False,FBI
3265487640.0,BanRomulanbirds,1933,2769,False,FBI
9.14464e+17,SaveRrepublic,246,515,False,FBI
3242282423.0,barneygreen85,1336,1765,False,FBI
369602944.0,DKougar,1514,509,False,FBI
28425090.0,eddyhooks,881,1206,False,FBI
2550481562.0,joyceabbott20,228,585,False,FBI
14586497.0,franmary,1246,1022,False,FBI
8.21896e+17,GraceRohlf,147,61,False,FBI
15611054.0,4.50E+69,1934,2675,False,FBI
8.12734e+17,f_stop1079,5168,5131,False,FBI
4438750577.0,matt_wolkins,47,151,False,FBI
4821724513.0,catcp729,606,572,False,FBI
2889580492.0,C_Pannell_6,55,451,False,FBI
52537387.0,seacliff4,3427,5002,False,FBI
1106507400.0,hrhjmm,2686,1445,False,FBI
3024243508.0,libertywagon,310,822,False,FBI
1899031500.0,JenLynnOh,2347,2948,False,FBI
277171795.0,ericsuniverse,1076,1638,False,FBI
19994850.0,UkDane,416,323,False,FBI
16283777.0,racerbluegold,1350,2740,False,FBI
518948532.0,BelisaDavis,4624,4974,False,FBI
1014248527.0,jennifermcfarl4,13683,15052,False,FBI
2374698961.0,Lauraco82,3203,4941,False,FBI
598869732.0,De_addbob,58,37,False,FBI
56739033.0,jimmycovington,199,246,False,FBI
115932950.0,22klew,138,673,False,FBI
83470215.0,LTC_FOB,1232,476,False,FBI
168729846.0,GodFatha702,4423,4821,False,FBI
215154964.0,Teresa_H_,4799,5134,False,FBI
3540150733.0,bold1_4u,411,109,False,FBI
633854015.0,brianmu33829982,70,106,False,FBI
8.46833e+17,BalanceDale,4219,5001,False,FBI
7.40631e+17,littleoldme_2,2769,1450,False,FBI
434820585.0,mitchkikay84,210,62,False,FBI
4182434015.0,Samson_Warrior,4138,3792,False,FBI
4459753935.0,JohnPena03,2409,79,False,FBI
7.05889e+17,dancingellas,1282,1156,False,FBI
33981571.0,KathySamira,3505,4997,False,FBI
2194758303.0,RiderJuanita,3483,4374,False,FBI
587086805.0,TheAngieNC2,1783,2101,False,FBI
3020832304.0,KimMartin615,261,615,False,FBI
2400573635.0,arc7ek,971,1485,False,FBI
2278047080.0,BamaRidger,14118,13673,False,FBI
8.41024e+17,EricMoo91919605,8983,7421,False,FBI
2477028826.0,krom1781,6344,6281,False,FBI
1942866666.0,skifflegirl,1872,1182,False,FBI
3433214892.0,coachmattcole,758,1229,False,FBI
9.61396e+17,TraciIrving1,819,1436,False,FBI
3061797379.0,CashBama,8009,4250,False,FBI
2184099044.0,StarDeplorable,7154,7016,False,FBI
9.46356e+17,fitz_lora,195,353,False,FBI
8.26631e+17,CnsrvtvRox2020,5658,5308,False,FBI
4865017525.0,goodbyesocialm,11066,11503,False,FBI
8.7586e+17,mybiscuitbooty,3043,3294,False,FBI
296584207.0,scottgtweets,384,52,False,FBI
197838315.0,mllnola,4406,4552,False,FBI
27342058.0,jtomka,2055,2600,False,FBI
864516210.0,KFerrugia,5085,5044,False,FBI
32280889.0,tigertail65,388,338,False,FBI
9.28433e+17,GWhizSmith,460,42,False,FBI
7.36015e+17,birthdaypalin,1012,1713,False,FBI
2811417734.0,PresidentSClark,4887,4753,False,FBI
2200371072.0,DPrazenka,2250,2703,False,FBI
373662968.0,c_smith52,1844,2551,False,FBI
8.14177e+17,BostonDaveBU,986,1890,False,FBI
71609345.0,Trisha829,1789,3023,False,FBI
52955216.0,sharpsteve,1368,1264,False,FBI
8.22517e+17,pdriggs0995,810,1935,False,FBI
7.78444e+17,MajBeefy,240,459,False,FBI
4711312158.0,PennySue2015,51,173,False,FBI
7.02661e+17,WendyHaring,4672,4152,False,FBI
7.94707e+17,Angry_Patriot_,369,288,False,FBI
35376068.0,CarolynColson,1794,1346,False,FBI
478139796.0,georgemackey61,589,817,False,FBI
110338417.0,RhondaKoch,163,181,False,FBI
7.65294e+17,ExtinctMedia,3838,114,False,FBI
4915981217.0,bobbark03517862,10895,11088,False,FBI
7.42079e+17,crowbahr13,57,109,False,FBI
329795593.0,marniehutchinso,308,667,False,FBI
8.28032e+17,strongonehere,301,467,False,FBI
255695760.0,BigBlanky,1496,3780,False,FBI
114494345.0,conserv2mysoul,8583,8425,False,FBI
2604721733.0,ecipmck,1157,1047,False,FBI
733964028.0,JuJuBearCat,4546,4912,False,FBI
3417755386.0,annieb0823,21359,22856,False,FBI
8.20068e+17,bozena_kania,296,157,False,FBI
7.97567e+17,Shazmotaz,2819,2825,False,FBI
9.57403e+17,honeybadger747,950,1466,False,FBI
2544931616.0,UniversityWatc1,4880,3053,False,FBI
7.31036e+17,Grey_Opinion,10382,67,False,FBI
3965296756.0,greginhamd,320,61,False,FBI
2331548023.0,joehoft,1285,96,False,FBI
9.04842e+17,MadProspector74,81,299,False,FBI
535570632.0,lundejoan,497,1104,False,FBI
2464773584.0,Cmhogan473,4272,4143,False,FBI
634386286.0,StaliansJerry,8565,9420,False,FBI
8.50412e+17,SandyPryjomski,726,874,False,FBI
9.48285e+17,Illuminate1465,432,572,False,FBI
258633117.0,inosome,3225,3164,False,FBI
1387956504.0,GiglioMarilyn,10790,10103,False,FBI
8.27362e+17,PhxGOP,3128,3652,False,FBI
447623761.0,AliBakirdan,1380,1492,False,FBI
8.33668e+17,judy3birds,4327,5000,False,FBI
8.37141e+17,Marie10778357,306,282,False,FBI
9.51428e+17,VOCJR2012,2785,3428,False,FBI
772693746.0,rickjdakota,1160,3192,False,FBI
338773372.0,Arauz2012,3829,4927,False,FBI
8.92124e+17,truthsociety2,101,228,False,FBI
8.22225e+17,lillianmcrowley,4372,1076,False,FBI
532350416.0,drenamay1,1144,1492,False,FBI
23443030.0,PeteKent01,2318,2227,False,FBI
7.42937e+17,Prof_Treylawney,505,289,False,FBI
3408036279.0,GotEnergy1208,3014,4556,False,FBI
3273399217.0,ulysses_zamora,343,535,False,FBI
122462526.0,slewfan,9555,8959,False,FBI
49448729.0,dandire,545,795,False,FBI
25681880.0,DBM69,5895,5242,False,FBI
1239398264.0,PapaAtena,2198,4838,False,FBI
2840811923.0,ChristinesHaven,8014,6723,False,FBI
4064331736.0,JackieMcReath1,6031,4541,False,FBI
513302187.0,_ava_003,1227,3282,False,FBI
14845337.0,BirdMiler,4263,4814,False,FBI
8.07691e+17,bootsmadisontm,607,1027,False,FBI
2940254315.0,DaveEverlasting,4711,4853,False,FBI
7.46367e+17,Lisa9Liz,2292,3063,False,FBI
8.93852e+17,djcgohogs,124,179,False,FBI
2981075888.0,zanadu99laura,9862,10608,False,FBI
97710257.0,mcicero10,6303,4814,False,FBI
384599314.0,heavenhelpusall,347,320,False,FBI
583560927.0,mimicakes36,268,276,False,FBI
33904581.0,dfal182,4261,2969,False,FBI
31136691.0,WillsBossyMom,1295,3746,False,FBI
2458410882.0,MsContrarianSci,6087,6688,False,FBI
107074929.0,whatinsamhill8,191,345,False,FBI
3179169763.0,nolanwehby,9389,8549,False,FBI
4230384973.0,DebHiers1,7612,4797,False,FBI
8.23285e+17,nelliestirs,572,631,False,FBI
7.14538e+17,EvolveQuickly,3707,3521,False,FBI
8.6347e+17,mj_sterner,256,51,False,FBI
67514751.0,arrowsmithwoman,7048,7283,False,FBI
7.47279e+17,ATLAlexandra,430,299,False,FBI
8.16735e+17,TheEarthProject,199,269,False,FBI
711460560.0,Catheri71000729,1630,1550,False,FBI
8.21763e+17,Tomco2017,1958,2624,False,FBI
452757845.0,The__Snowman,651,655,False,FBI
180243511.0,RobAM_10,1462,1961,False,FBI
29738565.0,twiggyoh,5762,6328,False,FBI
261341867.0,BEASTEAL,487,1763,False,FBI
2341977604.0,MyPlace4U,10192,7183,False,FBI
26487878.0,xinemd,4605,4990,False,FBI
1724568876.0,angrynationalis,2659,1142,False,FBI
1561122720.0,TexanMAGA,16064,10020,False,FBI
7.05426e+17,HPB57,1861,1664,False,FBI
930702685.0,eagleone1776,1664,4989,False,FBI
149318455.0,LUSKER29,5463,6015,False,FBI
1578652435.0,1Cubbie,3755,4739,False,FBI
2751301460.0,KarleighMombird,69,329,False,FBI
9.29006e+17,Jane_the_Deplor,11934,12499,False,FBI
2584908901.0,bands449,1789,1295,False,FBI
824328062.0,southpaw816,1056,323,False,FBI
2279550642.0,AidMuslims,156,624,False,FBI
2953617710.0,PriceLowell,2559,2337,False,FBI
591461664.0,danforinvestors,52,118,False,FBI
1869394560.0,patricecross51,451,333,False,FBI
7.04386e+17,TrustyShellbck,255,251,False,FBI
7.56806e+17,airfr8one,740,1342,False,FBI
9.43939e+17,MAGATXCandy,5586,6010,False,FBI
2954362544.0,Edmond_Estrada,1566,1192,False,FBI
8.06261e+17,Caldera2700,64,58,False,FBI
392221352.0,_Schwangsterrr5,285,380,False,FBI
3904565180.0,chris_heimburg,705,1152,False,FBI
703495341.0,johnvezzi,58,151,False,FBI
8.28131e+17,tallgirl54,32,78,False,FBI
2618573184.0,Wingzblessed,4143,4530,False,FBI
1595803782.0,MezzoMoon,411,190,False,FBI
3267790106.0,ScottDa11666529,1220,768,False,FBI
7.61009e+17,Meganinla,60,126,False,FBI
1184045791.0,DamronCoach,431,579,False,FBI
3442977677.0,Liberalism1984,250,377,False,FBI
64914038.0,AmericanMom2,16268,16548,False,FBI
4605113535.0,julie_cappiello,15654,13975,False,FBI
449901857.0,jwaxsom,21705,19875,False,FBI
14984662.0,lorinda1434,12439,13639,False,FBI
47458568.0,reg3322,137,1235,False,FBI
37640440.0,Meeshe3,766,1435,False,FBI
509699683.0,wolferkitten,6872,7107,False,FBI
7.26273e+17,jm23185,201,292,False,FBI
9.32062e+17,OscarCarmona77,15710,10751,False,FBI
7.044e+17,Foundation1029,5357,5761,False,FBI
7.24752e+17,BigLeague2020,24894,6008,False,FBI
293252372.0,MichaelPghPA,537,377,False,FBI
3950708835.0,TampaHolly,4524,3313,False,FBI
552821881.0,nwgsrider,19399,19463,False,FBI
7.56645e+17,paraloca60,1739,3349,False,FBI
7.9492e+17,SophieNLucy,3320,3274,False,FBI
3230021454.0,Mary4Trump2020,823,1039,False,FBI
24761120.0,ariendeau,6622,6948,False,FBI
8.77507e+17,IowaGir22472312,3508,4033,False,FBI
2316215852.0,bendur6,12808,12809,False,FBI
2923021445.0,BobBoobka45,1532,2379,False,FBI
9.53481e+17,duncan_mccleo,190,260,False,FBI
75204166.0,gypsyjoo,5905,5687,False,FBI
8.28634e+17,douggie64_van,3700,4822,False,FBI
8.06248e+17,TheSeeding,4140,4803,False,FBI
220129909.0,SavedIn1996,381,1018,False,FBI
860501658.0,LewisEverett3,256,204,False,FBI
3408763769.0,cmiddleton72,439,318,False,FBI
7.25122e+17,justasillygame,2640,4974,False,FBI
2608017626.0,adams6110,5785,5793,False,FBI
8.22834e+17,cnorby234,1064,1551,False,FBI
2565596413.0,elkidon,608,737,False,FBI
452216352.0,ramacero,97,400,False,FBI
185034929.0,Allwaysrite55,2300,2160,False,FBI
3184471478.0,RichardTBurnett,77392,85105,False,FBI
403847531.0,DeniseBradshaw2,804,755,False,FBI
269077665.0,catbaloo59,3108,4996,False,FBI
2309334781.0,jgolivares9,2392,4997,False,FBI
8.37131e+17,terri_lamke,4588,4956,False,FBI
712976695.0,ofccadjust,21942,795,False,FBI
7.22971e+17,MtRushmore2016,3980,4305,False,FBI
872688145.0,zonyboy2016,3481,3494,False,FBI
7.2973e+17,kate_serr222,249,171,False,FBI
9.37198e+17,LarryTheCableD1,2227,2193,False,FBI
4871700875.0,DanaSharpe18,3034,3298,False,FBI
2718184811.0,ladywolf6700,5550,5524,False,FBI
1453418317.0,JoshNoneYaBiz,23011,2040,False,FBI
41969388.0,chatiger,1313,1526,False,FBI
8.09154e+17,bonsy123,3537,4904,False,FBI
427861498.0,GrandpapJoe,3598,3687,False,FBI
570445995.0,SecondWalk,602,390,False,FBI
378847704.0,jankennard,2291,2488,False,FBI
138216055.0,Rickylee50,924,830,False,FBI
499417827.0,drhrose,2024,766,False,FBI
21060711.0,Gray__Dreams,1797,3229,False,FBI
1535596561.0,dcgilltx,1888,904,False,FBI
8.9571e+17,HopenFe,85,115,False,FBI
856546831.0,DennisDMcGraw,2493,5001,False,FBI
2473143948.0,idawhannadoyou,7801,8234,False,FBI
447986179.0,ferguswild,66,324,False,FBI
8.19421e+17,SickSicklySher,1475,1417,False,FBI
629211549.0,zirbel_donna,3136,3815,False,FBI
2530238334.0,KrisVanh0use,370,280,False,FBI
2536847361.0,DanielMestas,2068,2213,False,FBI
531566757.0,Awhatdafudge,5251,4301,False,FBI
370249230.0,SRDijk,412,227,False,FBI
7.82992e+17,TJforTrump70461,12004,11671,False,FBI
83696620.0,GACoastPatriot,9879,8713,False,FBI
8.92947e+17,UniverseatLarge,1102,1704,False,FBI
18072060.0,joekiddone,4161,4979,False,FBI
248967774.0,charlotte3chap,3592,4028,False,FBI
765213068.0,BrandonJLandry,9344,10276,False,FBI
2973798677.0,BookCollector33,586,584,False,FBI
2367940466.0,UG0TTRUMPED,19123,19520,False,FBI
9.14858e+17,automaticround,240,402,False,FBI
8.24104e+17,arlos_collins,10736,11784,False,FBI
8.32673e+17,sgtmaj1958,515,651,False,FBI
113183566.0,surveyfan,3719,3771,False,FBI
4819865003.0,RealMrFranchise,5532,4991,False,FBI
7.61345e+17,classygal21,4704,4018,False,FBI
55156962.0,WISE_H3ART,2324,4947,False,FBI
8.22242e+17,JackLamb1957,4544,4450,False,FBI
1342922432.0,Rose_Commander,52,192,False,FBI
827891118.0,85EJones,3263,4941,False,FBI
8.48613e+17,JohnLEE79289477,1623,3386,False,FBI
220175178.0,Jerseygirl345,3601,3833,False,FBI
3798320963.0,SharkSteak,11680,10954,False,FBI
3133442808.0,3695c9faacde4b1,5782,6200,False,FBI
1902806772.0,LShrug,2651,2001,False,FBI
21899643.0,AsilisArt,1736,1933,False,FBI
1911514105.0,turquoisebolo,1409,3433,False,FBI
8.14887e+17,Proud2bAmerikn,2050,2463,False,FBI
9.27723e+17,YourAuntieMame,5407,5947,False,FBI
4727807677.0,DemiWuflower,6510,6566,False,FBI
17303820.0,goodworkswork,2511,2121,False,FBI
9.5709e+17,jerryva42295629,137,152,False,FBI
828862867.0,DanaBoos3,2140,1747,False,FBI
59863209.0,kmbishop1,993,1132,False,FBI
4269535659.0,JohnstonDennise,1169,496,False,FBI
1660199155.0,Junior081423,247,1107,False,FBI
90575741.0,Alaskaski5,1649,1595,False,FBI
32443377.0,DotLogica,1086,940,False,FBI
577310780.0,stanscott53,4241,4990,False,FBI
2805857793.0,charlieo7955,17,62,False,FBI
7.86657e+17,pickypatriot1,976,557,False,FBI
1107466603.0,LdyDrums,7063,7683,False,FBI
8.03941e+17,pegmcc54,528,471,False,FBI
114133182.0,_claudiaw,5242,4977,False,FBI
1062923556.0,Johnson521K,1020,2999,False,FBI
64592409.0,TRUMPPRES2020,971,651,False,FBI
130020846.0,DaimonLord,469,263,False,FBI
8.17215e+17,TJStevens13,647,122,False,FBI
849469999.0,cassv123,344,488,False,FBI
2557749792.0,KathyNewcomer,264,1050,False,FBI
8.25555e+17,CharlesPatriots,2,117,False,FBI
4203733813.0,Beverly86418528,1204,528,False,FBI
387265077.0,ski95252,5686,5905,False,FBI
7.56136e+17,Duck_hk,187,155,False,FBI
9.58488e+17,CovfefeSWE,58,102,False,FBI
570127050.0,RedStateWitch,830,1237,False,FBI
425496140.0,Lucy24Smith,4004,4091,False,FBI
7.90559e+17,JaysssOk,415,506,False,FBI
397612458.0,TheOxyCon,1795,2006,False,FBI
2317943064.0,justathoughtUSA,4390,4745,False,FBI
50769900.0,SilverScarCat,494,435,False,FBI
8.93545e+17,paultykwinski1,1854,2746,False,FBI
41387037.0,HJSNChristine,503,361,False,FBI
352665664.0,Momcat2111,5494,4790,False,FBI
73163090.0,YLu1220,1021,45,False,FBI
1265371771.0,bkrstir,25,130,False,FBI
8.25152e+17,PeggyRo64291094,671,848,False,FBI
3252404167.0,411Mssip,382,39,False,FBI
2352603978.0,aduanebrown,26799,4456,False,FBI
7.67497e+17,Nvehecnycrrcom1,8188,6496,False,FBI
1342089816.0,BrianFeldbusch,820,97,False,FBI
118717877.0,htmcg,6785,6779,False,FBI
1332282085.0,kthawkins8,1999,2883,False,FBI
35569205.0,Stichtag,4917,4747,False,FBI
9.31384e+17,Okay2BWhite,369,476,False,FBI
360373188.0,MarkZuckerBot,92,76,False,FBI
3666862457.0,TheonlyMshann,538,742,False,FBI
19930059.0,justjennyms,3270,4990,False,FBI
49470271.0,cdnrod,4286,4277,False,FBI
160707380.0,brittswoo,1084,1240,False,FBI
998896650.0,GigetteUS,989,1114,False,FBI
36685086.0,DanieBotha,2472,1780,False,FBI
146894218.0,crumbdigger,393,1005,False,FBI
1089536220.0,donalddean9,3113,3333,False,FBI
4473046635.0,CentFL4Trump,4914,1598,False,FBI
60923128.0,Cuchulain09,1118,625,False,FBI
7.92411e+17,trc456,292,376,False,FBI
17109615.0,bravehart60,14204,11108,False,FBI
7.02545e+17,JimSamuelson1,2740,3660,False,FBI
4890383820.0,DonnaLedford8,4429,972,False,FBI
265857126.0,lamour_du_chats,319,938,False,FBI
7.27283e+17,jerrybthebuild,2776,4316,False,FBI
220842244.0,ERocK_A_Tweet,1088,923,False,FBI
7.16337e+17,JenJustjen515,5057,5552,False,FBI
1177213746.0,RoorWade,569,460,False,FBI
341809195.0,PRS813,1537,1295,False,FBI
1440616824.0,jacey_yorke,1200,264,False,FBI
197245674.0,Tachyon362,1304,2080,False,FBI
2881142339.0,GuinnBonnie,2878,2675,False,FBI
116473390.0,Zoom81,482,67,False,FBI
21528261.0,mariomarrufo,61,7,False,FBI
177192326.0,RATHER_BE_IN_DB,293,1579,False,FBI
64659391.0,camelot914,651,2009,False,FBI
768387865.0,shulin7,1637,1775,False,FBI
3282583820.0,ruth_elissa,877,933,False,FBI
558804104.0,avalosraider209,38,117,False,FBI
2173016900.0,Hollyhoo71,13485,10731,False,FBI
2911078017.0,rentgetta,1085,1679,False,FBI
9.29734e+17,IamIjlal,13,26,False,FBI
48998881.0,gotolou,1941,2182,False,FBI
7.18516e+17,onecharliefive,4941,4747,False,FBI
7941592.0,Milagaai,361,568,False,FBI
18371238.0,scarlett_0hara,8505,5686,False,FBI
519178978.0,carol_forrest,338,295,False,FBI
790019881.0,ComparePMPrices,770,1585,False,FBI
1355247529.0,JerriLyn71,8703,6859,False,FBI
3320545346.0,PennyHicks13,19551,18022,False,FBI
433933134.0,tjchism,1074,774,False,FBI
8.71928e+17,TruthDancer210,89,76,False,FBI
9.45003e+17,joeymul061,69,71,False,FBI
21962713.0,popink,1587,984,False,FBI
8.75084e+17,jshoe2111,3106,3566,False,FBI
7.83208e+17,MAGAVoice1,17399,10671,False,FBI
600097532.0,wiscmo,249,190,False,FBI
9.11675e+17,Joe98007167,38,36,False,FBI
1682106637.0,Adaplumb70,468,193,False,FBI
1567364922.0,LVTbruno,580,1293,False,FBI
115052289.0,pjam57,1539,1221,False,FBI
18302824.0,rommbomm,211,558,False,FBI
3293536514.0,psl67,936,1359,False,FBI
241173956.0,obviousreally,8410,9212,False,FBI
929057557.0,mountain_viper,1355,1727,False,FBI
60985267.0,JohnRobertFinch,455,727,False,FBI
2342591798.0,GRocjr,272,403,False,FBI
604010080.0,mightysparty,3809,4971,False,FBI
9.22382e+17,Claudio_Hndz,819,700,False,FBI
9.0194e+17,MinxG14,1882,2047,False,FBI
9.45853e+17,LeeFlyHigh420,8,218,False,FBI
9.63619e+17,Jeremy53338734,66,193,False,FBI
438013425.0,Me2S3M,1925,3446,False,FBI
573053124.0,MargosunC,2591,92,False,FBI
159739516.0,Xfitr4Life,756,1412,False,FBI
3723496512.0,betteranfiction,1330,1334,False,FBI
8.97617e+17,braggingdragon1,169,64,False,FBI
471359203.0,deplorablemix,3947,5000,False,FBI
1317782702.0,RoboHoward,1581,1011,False,FBI
1289323322.0,valfromcali,6204,3663,False,FBI
19141379.0,growingaway,5183,5037,False,FBI
8.27294e+17,Queen_Puabi,3332,5005,False,FBI
8.31662e+17,R_Egberts,45,76,False,FBI
447584227.0,j74_tee,994,3211,False,FBI
930245052.0,tullyframe,6644,7134,False,FBI
624439937.0,Melly_sheknows,870,563,False,FBI
9.43668e+17,Maganificent_NJ,715,926,False,FBI
714947334.0,mkues65,21087,9106,False,FBI
8.30201e+17,e_veritas_unum,1872,2005,False,FBI
7.94288e+17,kjune65,3736,4947,False,FBI
8.36064e+17,Vertical_Stance,266,94,False,FBI
7.76697e+17,realtime1954,864,1534,False,FBI
69652398.0,Beckysoo,2925,4741,False,FBI
61163172.0,jgwcrna,889,1952,False,FBI
7.1535e+17,Closer1775,545,832,False,FBI
47223240.0,Sewuniquebagset,629,660,False,FBI
2914169258.0,mariangelavitti,559,1203,False,FBI
1932684434.0,AriuniVA,109,75,False,FBI
281582041.0,PC1170,4361,2245,False,FBI
13884142.0,ralphkuser,388,159,False,FBI
7.85792e+17,HollyBehling,313,1413,False,FBI
9.33806e+17,jolovescandles,869,821,False,FBI
7.88691e+17,RoloTomassi23,83,89,False,FBI
2709414132.0,ClearFlynnNow,1788,1741,False,FBI
8.03727e+17,CHTrumpSupport,214,281,False,FBI
2480765648.0,NCbgirl,1529,648,False,FBI
109623426.0,danielc2010,2758,989,False,FBI
2773305262.0,Voxethics,160,301,False,FBI
372998325.0,bluefishja,783,1799,False,FBI
2887440653.0,shop_wife,3435,3520,False,FBI
170918588.0,bfd1dreyer,1511,1800,False,FBI
8.05602e+17,karenlovesher5b,5321,5624,False,FBI
2559756184.0,dragonsfire04,3443,4987,False,FBI
541531273.0,RonTamber,2636,4980,False,FBI
8.5847e+17,redpilledwoke,1644,1101,False,FBI
1356464082.0,PoisonousFog,686,233,False,FBI
24452245.0,WestHardinFan1,1390,1708,False,FBI
1418813750.0,anitaDlivaditis,1944,2011,False,FBI
3135007412.0,gogreen200086,1524,1853,False,FBI
8.12184e+17,BarbaraLafranc2,302,386,False,FBI
3076219563.0,shansmig,1347,1165,False,FBI
45187064.0,JordanHerkowski,386,1110,False,FBI
356379026.0,Sandi9260,977,1341,False,FBI
159584057.0,Jhwrr,2032,2940,False,FBI
46684860.0,shylohg,6892,6669,False,FBI
315073177.0,BULLOMETER,1227,1786,False,FBI
7.8353e+17,golfpga78,417,361,False,FBI
247038201.0,bellabac,1039,2126,False,FBI
520107061.0,mikeyj4460,546,311,False,FBI
3401516865.0,kokomored,294,452,False,FBI
458936300.0,PConnie1776,315,643,False,FBI
755897108.0,BBCARKING,3321,3534,False,FBI
1488864481.0,GoVols37872,4930,5399,False,FBI
8.38472e+17,ElijahhUS,363,353,False,FBI
38469172.0,Beach2Desert,806,1626,False,FBI
7.93195e+17,dieb1948,3987,516,False,FBI
4284863181.0,ahawk9111,133,379,False,FBI
8.65284e+17,DonnaMillar322,272,608,False,FBI
48409823.0,saravern,3784,4198,False,FBI
54025978.0,floridagirl1976,2306,4929,False,FBI
187147504.0,darab13,406,84,False,FBI
9.4471e+17,sharp_dressed,60,179,False,FBI
16781837.0,vadum,3896,3771,False,FBI
3051087726.0,EDMATIK,831,580,False,FBI
476414443.0,didihopes,1600,3525,False,FBI
7.56989e+17,TeaBoots,3319,4362,False,FBI
8.94294e+17,fredmendez2064,73,59,False,FBI
21772252.0,sweetliar,319,567,False,FBI
4834167526.0,BoomBlahBlah,671,1225,False,FBI
55113653.0,ashbeth34,4462,3283,False,FBI
1465909357.0,brightrader,27,330,False,FBI
542758749.0,brighteyes2luv,8020,6596,False,FBI
71394131.0,BraineaterBob,910,1264,False,FBI
2831836970.0,KAGJewllz,1953,2415,False,FBI
212049876.0,dcnite56,2699,1587,False,FBI
19574238.0,2CleverUsername,1454,4148,False,FBI
51757391.0,cpmurr,270,217,False,FBI
3879759869.0,Chuck_U_Farlee,3779,3685,False,FBI
8.65727e+17,MrZimpy,245,392,False,FBI
243799119.0,madman146,109,529,False,FBI
9.51465e+17,Margari41250912,140,333,False,FBI
429875707.0,lksjackson,323,177,False,FBI
9.54508e+17,MCoventry6,360,558,False,FBI
757914175.0,Maxineskrazy,2798,2762,False,FBI
3299571885.0,PleadingLake,87,142,False,FBI
2921128481.0,rocgreco,5012,5002,False,FBI
138727029.0,RichnCindie1013,92,79,False,FBI
180965632.0,rosheenamend,3011,3385,False,FBI
3395811605.0,MGahannon,754,309,False,FBI
19543692.0,dzdork,1408,2340,False,FBI
9.24619e+17,Staceylford67,2161,704,False,FBI
8.15292e+17,CLSimon777,2529,3093,False,FBI
2568225362.0,oneofhis1979,149,494,False,FBI
22707143.0,DoreenParrish,2797,4993,False,FBI
3122123479.0,GoldnemovesGold,12068,12387,False,FBI
4686567074.0,AngeloRayGomez,33534,6719,True,FBI
8.29851e+17,ilsadhinsley,420,286,False,FBI
493591883.0,Rose__III__,5326,5548,False,FBI
116584059.0,WilliamMoran07,3610,4980,False,FBI
930240212.0,AtomicComic1,134,835,False,FBI
28558879.0,mcb0925,1384,2090,False,FBI
279167748.0,STSTWO,15726,17082,False,FBI
7.21115e+17,carysimond,17358,17934,False,FBI
7.15587e+17,JimToms5,5663,5926,False,FBI
18710344.0,elguapo64,23519,23868,False,FBI
1932875833.0,ChrisCorbett42,1157,5002,False,FBI
4814745735.0,JoyfulSarahD,514,1190,False,FBI
296041342.0,HawkMan144,1048,782,False,FBI
63398970.0,kellert80,572,894,False,FBI
253034379.0,FDG65,5535,6018,False,FBI
80671800.0,vcarman,2397,2724,False,FBI
2889601750.0,LunarStrong,718,741,False,FBI
4804670369.0,DennisAlanGray2,547,164,False,FBI
8.47311e+17,JuliaDeplorable,6199,6083,False,FBI
44809643.0,PNWJae,1631,2962,False,FBI
7.37449e+17,911sfan,143,683,False,FBI
357029197.0,chowdallas,48064,44150,False,FBI
426211557.0,MAGAmindset_,749,1984,False,FBI
8.06145e+17,50Pinkies,2240,2047,False,FBI
446983855.0,LilySmithlove,854,2204,False,FBI
7.58489e+17,ashleyjharter,1822,2579,False,FBI
7.69199e+17,MonicaMelvin12,587,693,False,FBI
618392812.0,Kinseymax,1116,211,False,FBI
8.89514e+17,SamuelRothenbe1,256,182,False,FBI
7.88193e+17,XRowanAvalon,1110,937,False,FBI
9.10475e+17,PedroGo64657215,893,925,False,FBI
578963077.0,ldhancock1,2489,2244,False,FBI
8.02353e+17,CarlosDanger024,96,480,False,FBI
529727711.0,Mcfyre,99,185,False,FBI
9.47211e+17,RockNRollMom6,52,198,False,FBI
3061963254.0,sonparabailar,747,545,False,FBI
8.17427e+17,gramyc44,2658,3567,False,FBI
8.84586e+17,ducktap54400020,950,804,False,FBI
8.83342e+17,MAGAbohab,1028,1371,False,FBI
9.00887e+17,woodward_roxie,490,227,False,FBI
926833411.0,rewilson80,4464,4705,False,FBI
1126774932.0,CassutoLori,71,150,False,FBI
8.22094e+17,hennel58,608,2081,False,FBI
347234638.0,Bonacker69,3429,3799,False,FBI
41825643.0,snowlady09,3287,3840,False,FBI
8.92822e+17,ColemanBetteann,68,23,False,FBI
3403327349.0,2050CyberSurfer,3028,2483,False,FBI
33112847.0,Arrogo0725,120,631,False,FBI
7.69154e+17,stringfellowfr4,3269,2527,False,FBI
8.63062e+17,stumpin2020,577,322,False,FBI
42531027.0,griffisk,11969,13028,False,FBI
216498790.0,DatTrumpUSA,34732,16817,False,FBI
8.98577e+17,LonnySue2,3097,2914,False,FBI
31390064.0,FemRepublican,322,337,False,FBI
7.69941e+17,jyonko77,2019,5001,False,FBI
1644555289.0,charliemac60,3004,4936,False,FBI
260405159.0,CapeDotRat,622,408,False,FBI
155651563.0,54Ange,1408,1676,False,FBI
8.75053e+17,actanonverba147,596,797,False,FBI
49121643.0,americanworkbot,675,931,False,FBI
14852657.0,StrongerHeartR,1767,2131,False,FBI
256709630.0,Alfa9293,1524,2231,False,FBI
312102483.0,LarryDanduran,318,386,False,FBI
849862741.0,syoka68,22943,19984,False,FBI
859893019.0,LisaLovesTrumpS,3422,4431,False,FBI
3836463252.0,libstomper,1716,1814,False,FBI
30874161.0,0SweetSolace0,2538,5002,False,FBI
2942636775.0,Devineone2Kathy,416,372,False,FBI
3355762883.0,ProudwhiteAmer1,700,824,False,FBI
949775198.0,dariab27,105,95,False,FBI
2718236783.0,ambinc1,10642,8892,False,FBI
3253027628.0,Zeni4444,599,3488,False,FBI
2370913862.0,waltjesseskylar,962,829,False,FBI
531565758.0,StarCoreOne02,4611,5077,False,FBI
7.85196e+17,ConnieBee16,2010,1943,False,FBI
8.92953e+17,MagaGrace04,10788,11618,False,FBI
8.04118e+17,pls_stopwhining,1026,3092,False,FBI
17549260.0,jimwelch1,1644,568,False,FBI
18810387.0,OCAmericans,24204,23924,False,FBI
1507573993.0,KuhnKat1,401,695,False,FBI
8.1883e+17,San1Clara,2226,4384,False,FBI
7.14074e+17,TLCampb3,3420,3955,False,FBI
4086580156.0,uliw315,4799,857,False,FBI
8.38483e+17,DragChain48,1090,2516,False,FBI
7.06816e+17,us_poll,4507,4391,False,FBI
86215306.0,badboy129,2424,3239,False,FBI
2211112023.0,tpdeod32,8597,9378,False,FBI
63738662.0,bearswillfight,93,133,False,FBI
1566816938.0,jcoralpark,11382,11183,False,FBI
45916967.0,Rodulio69,2688,4990,False,FBI
8.20641e+17,nebraskamilitia,658,1139,False,FBI
301105251.0,rattledbymsn,7968,8890,False,FBI
1735440217.0,Cleatus_n,397,840,False,FBI
8.47833e+17,CurtSStone1,193,107,False,FBI
1365133898.0,nanking2100,6122,5750,False,FBI
1902620107.0,Carrie_Kelly17,9731,4550,False,FBI
28838524.0,stacygonz,1697,2747,False,FBI
7.49648e+17,michie12661,15371,13920,False,FBI
360694503.0,unablogger,166,296,False,FBI
7.78332e+17,De_Pluribus_Unu,282,51,False,FBI
7.22795e+17,lindakirk_va,640,302,False,FBI
113423378.0,Nexus7900,14556,14142,False,FBI
1376394812.0,not2n2u,208,205,False,FBI
3959508322.0,jodie4045,186,249,False,FBI
2923345308.0,Muzegirl,3058,4999,False,FBI
43295161.0,drWilda,2887,2233,False,FBI
7.05558e+17,DagnyDelinquent,4604,4166,False,FBI
18061290.0,sandybeach0724,1174,1200,False,FBI
2318233869.0,LaganoNl,3168,4997,False,FBI
47497573.0,df2727,335,740,False,FBI
2701768537.0,stmanning44,74,253,False,FBI
3775944373.0,JosephERash1,4090,4746,False,FBI
785490674.0,SheltzMom,1038,1154,False,FBI
466098316.0,wheelercynthia,3257,3277,False,FBI
7.76047e+17,Virgini25568889,9947,8566,False,FBI
1902827713.0,patechinois1,2936,2986,False,FBI
1415637014.0,DonnaLeanneGwin,3840,4543,False,FBI
2481854702.0,ckemp1542400,7354,7564,False,FBI
7.60881e+17,SharenCarr3,1798,5002,False,FBI
29996468.0,rherror404,436,1007,False,FBI
110769384.0,BKONASIS,16748,2448,False,FBI
8.80812e+17,CoatConfiscated,859,2255,False,FBI
30266529.0,InAbsentia9,5316,4925,False,FBI
102740738.0,sissylynn42,682,1014,False,FBI
41020345.0,davehershey,4306,4323,False,FBI
1120985490.0,royb2428,142,450,False,FBI
23701438.0,HitmanStan,3265,4904,False,FBI
8.04421e+17,Alberto31049287,1979,3234,False,FBI
7.60022e+17,InfogretchenMy,3223,4926,False,FBI
433812769.0,intrepid_17,3082,4980,False,FBI
3418210767.0,SerenaJB3,4792,4340,False,FBI
433792330.0,az70runr,2076,4977,False,FBI
81602176.0,Etherkat,3938,3692,False,FBI
71656731.0,rightwingxtrem,1408,1389,False,FBI
318172686.0,larharris55,878,703,False,FBI
7.94397e+17,truthpiks,1743,1958,False,FBI
7.48348e+17,HighlandrStudio,318,748,False,FBI
27688800.0,ciaobella50,123229,947,False,FBI
9.01015e+17,mahbubur0987,1680,4947,False,FBI
178888741.0,KeepItRealist,3838,4305,False,FBI
2696782610.0,BubbleLad777,178,74,False,FBI
33687871.0,zx77789,752,680,False,FBI
9.47253e+17,hapaw8084,3,44,False,FBI
1963631840.0,Champenoise46,6433,6724,False,FBI
2298543699.0,MIAcalaEng,270,575,False,FBI
457566485.0,BamaLady10,7568,7151,False,FBI
9.1554e+17,moms4_trump,150,235,False,FBI
499267113.0,ADudeFromNowere,1972,1086,False,FBI
8.25438e+17,JMable58,299,388,False,FBI
375222367.0,topkubob,515,305,False,FBI
1110688278.0,spitfire4460,49,406,False,FBI
3402216077.0,RockersDenStore,2399,3454,False,FBI
1150914516.0,nooneishere51,6021,6293,False,FBI
8.49592e+17,Faith333x4,913,1184,False,FBI
3407012584.0,SlickRounder,1283,1437,False,FBI
914172234.0,royroberts201,749,190,False,FBI
512327871.0,theeleanordavis,5189,4900,False,FBI
8.23186e+17,americansparky,440,468,False,FBI
362302103.0,MRSBLEES,232,520,False,FBI
7.01165e+17,Rae0718,1780,1669,False,FBI
8.19618e+17,USNret03,58,47,False,FBI
8.14899e+17,politicalsupper,1274,3961,False,FBI
3196539347.0,a_spade_a_spade,140,321,False,FBI
3306516860.0,Jasonba78292933,362,458,False,FBI
8.92174e+17,SeanHansen_,132,200,False,FBI
9.43879e+17,Fish4F,485,663,False,FBI
42961642.0,SilvanaCorsetti,1535,1372,False,FBI
545675702.0,VexVolition,11162,10065,False,FBI
394392730.0,noprezzie2012,7701,7140,False,FBI
191441975.0,MsGoldiesMan,3528,2889,False,FBI
9.08744e+17,livtru717,75,74,False,FBI
3184890253.0,tired_n_crabby,2305,1412,False,FBI
7.03073e+17,texasgirl3629,850,861,False,FBI
7.11026e+17,Rooster958,345,552,False,FBI
8.22275e+17,KristaFranz3,385,255,False,FBI
751630650.0,ItsAngryBob,31854,9418,False,FBI
1436017729.0,flyboy_1776,9609,9562,False,FBI
565188105.0,doubledittos,6322,6245,False,FBI
8.31677e+17,ta193919632009,3420,4942,False,FBI
25573530.0,JNo_MAGA,3820,4992,False,FBI
4394416573.0,wilsonlas18,501,733,False,FBI
876739705.0,gdg327,123,435,False,FBI
53298800.0,AnnieLaur,3135,1927,False,FBI
8.18895e+17,tallisonVI,1952,2759,False,FBI
7.86802e+17,lisaBrFlowers12,15689,16743,False,FBI
2496377724.0,MeedgeKnowsBest,5227,3125,False,FBI
722560820.0,WeyandtA,60,288,False,FBI
598581143.0,countryboyexec,6399,7036,False,FBI
2870832550.0,princeofpast,4114,4681,False,FBI
1594992835.0,phuronz_heretic,399,296,False,FBI
2408786747.0,JTixeri,20,42,False,FBI
9.53631e+17,1CMFS,3113,4992,False,FBI
532458706.0,kwesr,1135,1632,False,FBI
66925839.0,edgeofreasons,289,217,False,FBI
8.1747e+17,PetsRockHMB,2557,2136,False,FBI
46225225.0,ljs1479,7309,7291,False,FBI
7.27182e+17,Cheridr77,1496,1758,False,FBI
32824664.0,NewHorizonSun1,303,541,False,FBI
9.22801e+17,kg_NewsAccount,28510,27049,False,FBI
2468328434.0,HambrickRo,1042,119,False,FBI
9.43595e+17,fayewraykim1,4865,4727,False,FBI
7.54137e+17,DianeMDeath,3099,4657,False,FBI
1936536769.0,phil200269,52179,33195,False,FBI
7.60582e+17,PatLynn5698,3038,3167,False,FBI
762042276.0,Ashleylee555,1290,1886,False,FBI
24516301.0,grammy620,11994,5677,False,FBI
8.32089e+17,BobDuffey,697,1253,False,FBI
8.20997e+17,sporche07,816,1287,False,FBI
2546638887.0,Vato_1776,56,100,False,FBI
355672153.0,G21Alexander,1568,2293,False,FBI
2381353322.0,astol14334,816,974,False,FBI
74352982.0,CiberTigerrr,1806,1501,False,FBI
9.1711e+17,Elaine40161930,1084,2282,False,FBI
1086882151.0,MsBee777,1627,1596,False,FBI
1888453544.0,EricMonroe14,3472,4993,False,FBI
7.89173e+17,HelpUsChangeUSA,873,1267,False,FBI
7.79871e+17,VyselaarLaurie,2021,2016,False,FBI
9.02554e+17,SuzyKashmir,49,113,False,FBI
151284118.0,rockinrobyn59,4811,4779,False,FBI
8.21179e+17,tradingwave3,422,237,False,FBI
8.1527e+17,HUDAHAR2,1714,3147,False,FBI
23145423.0,moonpieprims,614,579,False,FBI
3304695763.0,C_YSmith,786,1335,False,FBI
7.53009e+17,isavega2017,9678,10171,False,FBI
9.52919e+17,GaryLeeMoreland,468,644,False,FBI
8.74984e+17,SaraRucraZy,326,398,False,FBI
139201459.0,hockeymom9598,1110,765,False,FBI
9.46999e+17,Goneinsane6,223,286,False,FBI
216595995.0,tocuteforprison,3231,3205,False,FBI
8.11021e+17,twelvenot12,533,1149,False,FBI
860665718.0,jbnnonfly,759,603,False,FBI
134564198.0,Goppat,12265,12196,False,FBI
487818857.0,GinaHartsock,458,318,False,FBI
4394274556.0,mjp631,792,654,False,FBI
525599719.0,ManiaMaiden,5105,5465,False,FBI
2148421558.0,pburton25,144,409,False,FBI
7.42686e+17,JasonTCarey2,104,90,False,FBI
4431077596.0,SettimiC,17427,17172,False,FBI
16375082.0,nozeez,909,1250,False,FBI
187419840.0,txlady706,6967,6351,False,FBI
7.61407e+17,sibauste4,264,549,False,FBI
8.76553e+17,joemontana1075,1966,2472,False,FBI
9.64658e+17,fasting39,4823,4924,False,FBI
8.69679e+17,pip_wot,365,1118,False,FBI
7.05188e+17,777Grace4USA,4458,3431,False,FBI
533014463.0,rtbeliever,5060,5556,False,FBI
882817812.0,sjbjgb2017,903,385,False,FBI
3199192864.0,FreeUs551,14248,14677,False,FBI
9.15561e+17,Charles65482948,3351,3452,False,FBI
23033993.0,cemeterygunblob,773,157,False,FBI
538481859.0,mlong42947,31307,32323,False,FBI
2828869649.0,CwarkentinC,233,54,False,FBI
133971844.0,loxahatcheeboy,2657,2613,False,FBI
3303337612.0,RebelHeartsM,953,1025,False,FBI
9.56893e+17,CaliMoms4TRUMP,339,218,False,FBI
8.38175e+17,Melissa31920880,4772,5130,False,FBI
4104950054.0,CoryGroshek,1330,532,False,FBI
2923502570.0,KevinOttman,774,1953,False,FBI
40821929.0,tnkr4lfe,604,969,False,FBI
284709712.0,emlang08,3919,4981,False,FBI
2691301089.0,usn112006,1397,1632,False,FBI
87274760.0,TrippenIn,3262,3136,False,FBI
3239107897.0,trump_at,4335,4799,False,FBI
8.25538e+17,BeautifulSita,496,608,False,FBI
860691823.0,LOYALtoTRUMP,17757,10386,False,FBI
9.53027e+17,sabrina46213804,45,90,False,FBI
7.34239e+17,steve_feezor,597,337,False,FBI
176996736.0,GrumGroo,378,1008,False,FBI
7.5886e+17,lbh3964,999,1837,False,FBI
9.39265e+17,JamesCo69645981,1135,170,False,FBI
334730492.0,WeeWeedTX,2473,2668,False,FBI
8.20294e+17,brett_carey35,3750,4555,False,FBI
36046325.0,JimPolk,5556,5372,False,FBI
83312898.0,MStuart1970,59214,61979,False,FBI
1074216337.0,Caseyube,855,103,False,FBI
75329060.0,StreetHowitzer,2136,1488,False,FBI
60746528.0,honkey1122,834,2168,False,FBI
3171375289.0,JimCaldwell12,444,229,False,FBI
4739018516.0,KroekerTony,3777,3865,False,FBI
8.64483e+17,HugoBossFedUp,3536,3632,False,FBI
8.26875e+17,DianHedrich,523,430,False,FBI
8.98274e+17,TexanPaula,6365,6022,False,FBI
165262097.0,Sandstorm1776,1522,1522,False,FBI
3291197558.0,AbuWankinobbi,2696,2757,False,FBI
59193233.0,yvonne98626,1201,1470,False,FBI
8.30052e+17,DuQuene8,891,1041,False,FBI
43139696.0,MacRaider,877,478,False,FBI
7.1753e+17,Imaginer77,3999,2962,False,FBI
2266123785.0,bhiler59,93,168,False,FBI
9.12597e+17,screwnasapunks,1113,1206,False,FBI
1208242087.0,trobinson131,1337,1965,False,FBI
1692466376.0,landsend99,5917,5780,False,FBI
885111211.0,Barbara72312295,2712,4965,False,FBI
7.87346e+17,seriousserb,4794,4286,False,FBI
158019922.0,mjfan1974,230,199,False,FBI
108824620.0,cajunblood007,639,497,False,FBI
22657288.0,cannoneerno4,1277,3551,False,FBI
7.36665e+17,KahlerSabrina,2409,215,False,FBI
8.24025e+17,vickieDiSabato,3642,4997,False,FBI
30255844.0,Work4Trumpster,3958,4745,False,FBI
2198012756.0,fishfinder45,250,626,False,FBI
8.85692e+17,ampchabalgo,721,1262,False,FBI
115814293.0,PedrosPodium,1885,2636,False,FBI
7.95908e+17,Black_1812_,167,280,False,FBI
3385022944.0,realtruth60,798,1070,False,FBI
4820224145.0,the_dead2,2303,2378,False,FBI
8.23322e+17,Lslyyy2910,1120,218,False,FBI
1448341921.0,OfficialZeus_,710,10,False,FBI
33983456.0,Marylou257,171,274,False,FBI
539579460.0,TrumpsTrucker,10621,10982,False,FBI
7.45776e+17,lmsd04230706,5379,5415,False,FBI
573336697.0,Darjok64,268,413,False,FBI
8.22071e+17,w_thornes,1761,1672,False,FBI
7.11955e+17,madashell5056,1398,936,False,FBI
8.04338e+17,grumpypaps,198,343,False,FBI
7.55537e+17,TerrieBassuk,154,668,False,FBI
1315660920.0,bmh072k13,22,134,False,FBI
924433285.0,Rattwalk,4669,5005,False,FBI
3110265579.0,cherylswenson,1461,1817,False,FBI
2619593276.0,Owlie17,6564,6511,False,FBI
8.09801e+17,fleoni757,1400,1134,False,FBI
860866357.0,jbtoons,521,709,False,FBI
8.2253e+17,Mamma_Janet,3460,4205,False,FBI
8.67855e+17,HeruKemetRa,267,395,False,FBI
551324789.0,Jennifer7Lane,351,388,False,FBI
3682560615.0,65_mitchell,6640,7022,False,FBI
1535701380.0,NonnieSandifer,954,542,False,FBI
404463989.0,Ginlefebvre,16244,17425,False,FBI
7.88891e+17,AOKinOH,6463,6427,False,FBI
9.6024e+17,SteveoUSA,8615,8331,False,FBI
4801269416.0,Moo4pies02,531,133,False,FBI
243015104.0,zeitgheist007,2350,2508,False,FBI
7.25189e+17,LiquidSolidfox,189,114,False,FBI
210643324.0,In66gal,8366,8321,False,FBI
234616270.0,tlb1232,140,379,False,FBI
446281952.0,aguirre0815,274,219,False,FBI
345019341.0,Rachael1776,1567,3055,False,FBI
7.57706e+17,redswife622,302,221,False,FBI
7.747e+17,Willsdarlin,10049,9466,False,FBI
8.26125e+17,Michael61522744,1579,1384,False,FBI
307877719.0,killabeas69,18767,19727,False,FBI
546007888.0,MsRain62,3836,4889,False,FBI
9.26544e+17,ClaytonBibsby,303,533,False,FBI
46576298.0,HALLUClNOGEN,1193,363,False,FBI
278805189.0,HamIetSoliloquy,702,589,False,FBI
2978675827.0,lillidelc,1290,3230,False,FBI
8.23682e+17,foxybubba18,6292,6920,False,FBI
7.14956e+17,Ike19777,10342,10441,False,FBI
4899804027.0,DrakeRickdrake1,2630,630,False,FBI
8.27679e+17,Loristalcup1,2852,2341,False,FBI
1143762104.0,politstrip,12300,12412,False,FBI
2264826464.0,Resonate537,3917,2852,False,FBI
3180679291.0,FjmunoMunoz,1526,1917,False,FBI
2362685156.0,Myapple05Lisa,803,1434,False,FBI
16721086.0,bodyXpolitic,417,1138,False,FBI
397423994.0,RebeccaPerry10,2438,4876,False,FBI
138517877.0,jataylor11,1908,1670,False,FBI
19788053.0,Fallout911,3484,4026,False,FBI
1325337348.0,DianaFry18,4774,4408,False,FBI
7.82145e+17,coach___walker,1913,3627,False,FBI
1228544646.0,ella_earle,1596,2546,False,FBI
1297305571.0,LisaK4liberty,620,964,False,FBI
8.19572e+17,ResistanceChics,1495,654,False,FBI
2914142326.0,raCCOT2016,5272,5760,False,FBI
3685845554.0,CDFREEIII,2759,4449,False,FBI
726756098.0,jerri_wolf,4596,4493,False,FBI
49146355.0,Ajax1970,535,497,False,FBI
3011595895.0,bud13579,1041,1067,False,FBI
8.29737e+17,Thomas_Hall78,907,1887,False,FBI
4873981475.0,MethalEmpire,610,1236,False,FBI
371939467.0,workmanmitchell,15,81,False,FBI
4885982967.0,MojoMusky,2341,1940,False,FBI
1136299878.0,ChrisFifeUH,180,541,False,FBI
1287220346.0,GOPGranny,3389,4229,False,FBI
45192612.0,Della1946,4948,4693,False,FBI
3795627814.0,FemaleVote,732,645,False,FBI
403211452.0,wendyblessed629,2380,2807,False,FBI
289740845.0,CaCindy3,515,1034,False,FBI
7.49469e+17,karmasenz,7645,6081,False,FBI
9.0483e+17,BadgerSuperhawk,301,746,False,FBI
2876016699.0,Veteren1971,2911,4369,False,FBI
3853490176.0,BirdClanMssngr,7552,5161,False,FBI
7.57731e+17,foxysilverfoxx,11,61,False,FBI
8.46046e+17,VDubbiosi,210,188,False,FBI
1355929668.0,republikaAD,2776,4509,False,FBI
7.93457e+17,TruthBuzzard,3283,3283,False,FBI
29547555.0,JourneysNonnie,1578,1758,False,FBI
8.27679e+17,FreeAmerica123,14892,16345,False,FBI
8.22955e+17,snicker1245,1531,2393,False,FBI
28873930.0,Charmer18,3111,4377,False,FBI
9.2391e+17,John01882399,388,1264,False,FBI
125364997.0,footballmom_44,71,170,False,FBI
194671030.0,GoodShepherd316,974,378,False,FBI
409735484.0,beaglebabe48,22369,22104,False,FBI
8.21037e+17,dena_zachman,3086,4944,False,FBI
423168084.0,cmg1266,8396,8102,False,FBI
8.27509e+17,FillmoreKathy,1190,3077,False,FBI
7.11953e+17,SmashAlley59,1133,1674,False,FBI
579254908.0,ggg217,5994,5794,False,FBI
252428768.0,DEF407,5822,5871,False,FBI
1615925803.0,DepMelinda,8212,8821,False,FBI
8.22291e+17,dum_phuk,4220,4897,False,FBI
772153106.0,shamrocksangel,1183,1092,False,FBI
23769223.0,ArizonaKayte,53703,32952,False,FBI
521315556.0,_Donna_M7,638,714,False,FBI
8.82626e+17,chromadka60,9036,2700,False,FBI
264719240.0,notinabluemoon,2970,4976,False,FBI
8.82111e+17,VitaeLibertas,121,218,False,FBI
3587535196.0,Saluda_bound,1006,1726,False,FBI
423133868.0,Mannaleemer,1569,2363,False,FBI
16991417.0,wolfspirit1,1661,2219,False,FBI
3054760996.0,j_hagood,2701,3530,False,FBI
18175352.0,lionessofsocial,9054,9853,False,FBI
7.42799e+17,Peggy93361899,33,162,False,FBI
357650733.0,ElonEch,676,868,False,FBI
8.72377e+17,JoshuaRHall2,302,92,False,FBI
2764357665.0,MaryColemam1956,2467,3663,False,FBI
7.85191e+17,MarthaP14109814,3301,2825,False,FBI
153141684.0,Marmalade402,1576,1402,False,FBI
2542347866.0,phunchicky,4380,5003,False,FBI
8.45126e+17,1BADTON,873,1090,False,FBI
8.27909e+17,LibTearsNoBrake,144,389,False,FBI
8.94966e+17,john_stieglitz,4112,4835,False,FBI
2716062531.0,WRambough,1064,914,False,FBI
4902551469.0,_MariaBetty,10567,10635,False,FBI
8.17315e+17,lisa28115,1585,896,False,FBI
503704053.0,maitri108,1122,1747,False,FBI
7.95666e+17,_onnabugeisha,1018,866,False,FBI
8.65309e+17,ElizaLynnArroyo,4572,4877,False,FBI
223896073.0,LauraWilsonGal,9695,7992,False,FBI
2881903133.0,koopster90,21447,22881,False,FBI
8.51773e+17,Robbie18771616,138,132,False,FBI
8.99823e+17,samkennedy77,3087,1520,False,FBI
3827369608.0,tbjay1215,51,245,False,FBI
7.9387e+17,cleigh74,481,578,False,FBI
14241002.0,Theobeliskofkek,2371,4326,False,FBI
7.9607e+17,USAEmily1,543,666,False,FBI
8.20305e+17,freedomloverjt,3396,3285,False,FBI
8.57942e+17,mulvanerty_p,385,836,False,FBI
4385782960.0,One_US_Citizen,2146,2094,False,FBI
613941136.0,1NatOne,4726,5167,False,FBI
2825364882.0,DunningRandall,1819,1826,False,FBI
38664964.0,majiktinkerbell,812,2086,False,FBI
799653806.0,MSymbolik,6070,5439,False,FBI
8.14685e+17,LadyLukk711,1677,2800,False,FBI
7.13555e+17,SirenOfSanity,842,441,False,FBI
7.96898e+17,Vwet28,2081,2330,False,FBI
8.00442e+17,E96300369,104,38,False,FBI
3240283681.0,M1971Ron,99,211,False,FBI
4855731869.0,CaliConsrvative,27933,16195,False,FBI
7.89876e+17,ModjajiTen,3328,3512,False,FBI
484311241.0,NavalMilk,1823,4464,False,FBI
9.52604e+17,jarnagin_kim,384,485,False,FBI
8.75366e+17,RetiredMan01,22534,22345,False,FBI
18813840.0,RealThomasUS,2347,4598,False,FBI
37129155.0,lisamichelle12,4776,5250,False,FBI
4693274185.0,AlbaVeritas,2754,2642,False,FBI
632985796.0,DjMcDougle01,169,257,False,FBI
7.79908e+17,transcend_honk,443,547,False,FBI
8.94306e+17,auniqueaccount,198,275,False,FBI
201914406.0,mtdisme,621,2169,False,FBI
7.5655e+17,On_Tenterhooks,1722,2643,False,FBI
7.15246e+17,MimiLisaVito,1357,1423,False,FBI
36695742.0,KB0HMR,269,1050,False,FBI
7.19191e+17,TBondTdrGuru,1652,1538,False,FBI
2766511591.0,politicallord,556,1413,False,FBI
480074801.0,kriDan1,2789,3043,False,FBI
8.46699e+17,beaniebabygriff,346,576,False,FBI
3380218239.0,AndreaRomans828,3483,1868,False,FBI
8.19152e+17,FeyedelemL,229,401,False,FBI
7.87455e+17,PjKochen,827,951,False,FBI
320936790.0,DavidMcCulloch2,3056,3445,False,FBI
8.0051e+17,ElizabethGolli5,2880,3251,False,FBI
372409077.0,WillysWorld2217,504,360,False,FBI
261207256.0,rvaLuJ,9542,9655,False,FBI
49203495.0,ZeelandCap,4799,4835,False,FBI
7.58435e+17,MemphisGrits2,6522,5698,False,FBI
268537424.0,jackingram101,687,95,False,FBI
513855461.0,mamoobonnie,8698,8945,False,FBI
2996456926.0,fran4oliveri,2625,5001,False,FBI
9.3931e+17,CarlDayNRA,653,1127,False,FBI
728313570.0,jwilli4404,139,161,False,FBI
31667040.0,DavidARader,555,1639,False,FBI
6.96082e+17,Rusty01081960,501,1484,False,FBI
91428670.0,D75432445,55,28,False,FBI
115842047.0,skyeleo,1059,822,False,FBI
50498258.0,Truthertex,789,1220,False,FBI
9.40005e+17,johnbsurm,354,444,False,FBI
479851316.0,USASoldier1,348,521,False,FBI
7.24482e+17,TJentilucci,1204,1416,False,FBI
4040155154.0,B_Green159,6825,6706,False,FBI
2663463458.0,jennifertxgirl,3871,3572,False,FBI
885623983.0,leslie_hubbard,455,1083,False,FBI
346860388.0,BillboTex,8325,8688,False,FBI
7.46107e+17,TomSeward84,1230,1318,False,FBI
1003475954.0,Dhottman1,1860,2015,False,FBI
8.71791e+17,4OurHeritage,1978,2088,False,FBI
2288229030.0,FatKillahKat,129,406,False,FBI
29548812.0,mischabi,4012,5002,False,FBI
8.45008e+17,Livetolearn1996,366,450,False,FBI
8.89176e+17,SusieCa00964694,19361,20009,False,FBI
57868165.0,fritzc77,707,2339,False,FBI
275171201.0,kadedawg1023,1284,1524,False,FBI
391386185.0,JRyG33,1053,2548,False,FBI
2384621232.0,GPalhegyi,1727,1665,False,FBI
9.2586e+17,Kelseyann46,4,141,False,FBI
8.1501e+17,RonnieM3RM,1072,1203,False,FBI
15531152.0,mabvet,2101,2628,False,FBI
8.39318e+17,Sannana3166,1773,1765,False,FBI
2503043095.0,mr_viking67,3597,3966,False,FBI
222967534.0,lightbkey,2912,889,False,FBI
123834237.0,USC_Conquest,181,124,False,FBI
7.13768e+17,WeThePeople1237,8548,8365,False,FBI
56212053.0,mskaro_2000,2473,4998,False,FBI
39301178.0,SayNo2Globalism,2726,3637,False,FBI
8.98522e+17,AruliusMarcus,1279,1522,False,FBI
734887434.0,hb348,787,992,False,FBI
244487615.0,Peoria1024,3374,3757,False,FBI
532458661.0,keeblerkween,2153,3262,False,FBI
36985886.0,don47,10436,9102,False,FBI
8.30559e+17,DrJackLevi212,4012,4183,False,FBI
3283723057.0,Lisa22545183,7913,6692,False,FBI
2853443310.0,9975Ts,36595,38926,False,FBI
4185510494.0,tice_stacy,10789,11849,False,FBI
7.85099e+17,Nan2395707300,510,565,False,FBI
8.0372e+17,isupporttrump45,843,315,False,FBI
8.49111e+17,Truthteller1349,1173,244,False,FBI
445694963.0,vanjaguar1996,4251,4999,False,FBI
805081368.0,SNAFOO2012,4481,4990,False,FBI
8.27974e+17,Jeanniecraig15,7349,6741,False,FBI
8.47935e+17,KKokensparger,4253,4298,False,FBI
7.85613e+17,rlgordon18_ruth,394,538,False,FBI
8.15605e+17,CuisineCandy,1434,1902,False,FBI
9.35724e+17,smileygurl56,2459,2713,False,FBI
3064797919.0,1MarkSimpson,2295,2027,False,FBI
208276769.0,Tonytiger75,582,493,False,FBI
473704565.0,TanyaCornfield,7385,6465,False,FBI
145856687.0,APOYODECHILE,3504,3339,False,FBI
8.22601e+17,lauriedenn23,962,1107,False,FBI
1169382680.0,Mountainaires,1566,1272,False,FBI
9.01515e+17,Patton1968k,55,16,False,FBI
47680487.0,SeaDimon,10891,11826,False,FBI
7.40358e+17,jajones338,8983,8914,False,FBI
7.30886e+17,LaurieForReal,1269,1898,False,FBI
7.02854e+17,ElisaMorris712,520,734,False,FBI
871393230.0,LoraKayM,288,179,False,FBI
624315738.0,VBerg4,313,500,False,FBI
4421758576.0,BBeca1234,305,189,False,FBI
20773456.0,bbgenius,462,313,False,FBI
2355402526.0,ohpaver,93,167,False,FBI
41137302.0,Maxe2009,409,407,False,FBI
1462741056.0,KristenSkybound,1329,1242,False,FBI
514019583.0,Jessie19688,4875,4860,False,FBI
23360808.0,yogagenie,30568,26877,False,FBI
9.50207e+17,Car2Dave,2831,4980,False,FBI
175521110.0,Tazmanian5,10460,11172,False,FBI
7.38876e+17,debrand1827,7732,7846,False,FBI
1523635135.0,undonefun,889,400,False,FBI
2419766311.0,Sunset_USA,9380,8329,False,FBI
3337295067.0,CMARTYLUSO1,4917,4861,False,FBI
7.32249e+17,chardunbar2,3420,1853,False,FBI
1854125544.0,ripple1959,2391,2216,False,FBI
2995824131.0,DocJMelzer,141,257,False,FBI
4809551550.0,Lastgirlout,323,185,False,FBI
8.15388e+17,ncar999,25987,28423,False,FBI
2307296066.0,suzettepetillo,9969,9775,False,FBI
39893070.0,CivilWar2Rebel,541,575,False,FBI
2891102076.0,ukcatwoman52,556,153,False,FBI
72462603.0,KgNeptune,2521,3360,False,FBI
43749437.0,PuttyBudd,4037,4540,False,FBI
211345057.0,sasha031,8936,7282,False,FBI
7.32269e+17,dscot41194,121,59,False,FBI
2589480433.0,Corporate_Buyer,280,225,False,FBI
568184437.0,southern_dr,5295,5746,False,FBI
9.25892e+17,strstrmy02,9389,8894,False,FBI
8.58444e+17,MaleficentToni,6374,6549,False,FBI
9.33122e+17,1gudGOD,2316,2998,False,FBI
8.42493e+17,mouse458,26116,28240,False,FBI
2728087455.0,BletschW,971,1152,False,FBI
9.23942e+17,PlanBlueRN,1175,1023,False,FBI
19391797.0,peterb442,383,412,False,FBI
539653725.0,CamyCruz,164,266,False,FBI
8.93691e+17,BobTayllor,427,362,False,FBI
2456819246.0,SmythRadio,21273,16375,False,FBI
176853382.0,bobbybnews,6942,7638,False,FBI
807990584.0,al_stage,2513,2507,False,FBI
164011664.0,sutker,704,996,False,FBI
7.41426e+17,MRsmithersMD,2784,3053,False,FBI
1433739860.0,BobG727,1991,2502,False,FBI
1398126522.0,JustSayingTrump,6821,6309,False,FBI
9.245e+17,MagaMedia_LLC,764,810,False,FBI
9.13303e+17,Rmac_15,38,113,False,FBI
17055555.0,mttowe,358,234,False,FBI
1143015950.0,MaykowskiD,1440,1971,False,FBI
222147712.0,beunitedagain,8556,8104,False,FBI
8.21155e+17,NoreenMccutchen,3863,3946,False,FBI
37843279.0,Arifjan,6626,7307,False,FBI
3304598172.0,J9naps,115,319,False,FBI
2215680066.0,mekismet,4798,4700,False,FBI
8.82639e+17,EdwardJ11365509,898,1211,False,FBI
325132826.0,ChiaMiller,1493,2427,False,FBI
120818659.0,MissyJo79,23555,25891,False,FBI
37837989.0,PurrcysMom,1556,1491,False,FBI
7.84008e+17,SnappyBHS,2406,4826,False,FBI
7.58307e+17,MBahrenfuss,1139,2020,False,FBI
7.27664e+17,PeggyLHorton,2445,3658,False,FBI
3306173819.0,dontcavitate,24305,19901,False,FBI
7.56506e+17,cnille619,6121,6020,False,FBI
24712706.0,coffee_cup101,1453,2394,False,FBI
1335947582.0,Rosemarrisa,5725,5662,False,FBI
759248977.0,flores8047,3148,3072,False,FBI
9.54733e+17,BettinaSumner,2697,4878,False,FBI
1190619092.0,1776forever1812,4933,5380,False,FBI
3102589922.0,DawnRenee64,1308,1500,False,FBI
3732382275.0,865Bailey,363,653,False,FBI
9.22823e+17,JeffHerron16,1536,2953,False,FBI
1610179501.0,brinjak,861,652,False,FBI
8.98602e+17,terisa_clothier,662,855,False,FBI
7.15651e+17,justjessie226,10108,9918,False,FBI
15762637.0,nitah103,605,1065,False,FBI
8.68191e+17,44672722c,6690,6183,False,FBI
328769446.0,KFayard,2259,3232,False,FBI
9.2362e+17,SarahArias_,200,398,False,FBI
316919641.0,101_blue,3266,4986,False,FBI
344176889.0,j_waddell33,544,428,False,FBI
7.80615e+17,Ugogrl111,1370,1249,False,FBI
7.89749e+17,camille102216,193,605,False,FBI
1180285226.0,ccwlsn,580,566,False,FBI
7.53942e+17,crazyvet007,865,781,False,FBI
322895481.0,LisaNovi777,1622,1998,False,FBI
536612829.0,shmupe,14070,14563,False,FBI
30849514.0,Dorunda,855,123,False,FBI
552977661.0,GaryBrowning2,23,104,False,FBI
74157050.0,clovergirl64,957,1812,False,FBI
1184576040.0,bournetarheel,270,144,False,FBI
17408573.0,neeneenat,1049,1422,False,FBI
8.22601e+17,SherryRiceJohn1,947,852,False,FBI
7.21733e+17,jessie_raymax,68,64,False,FBI
953942467.0,Opathehagrid,428,680,False,FBI
211068552.0,CIndyStarbuck,10953,10721,False,FBI
8.82702e+17,SteveZmann,3363,3988,False,FBI
227543172.0,GeoPatti2,527,182,False,FBI
3269495126.0,patrick_hostis,9080,8286,False,FBI
8.12756e+17,hightide172,7078,7293,False,FBI
3386367719.0,ab5cd3f533d140e,3653,4957,False,FBI
7.77335e+17,ekdeplorable,3461,2919,False,FBI
7.60646e+17,Patrioticbeagle,1251,1170,False,FBI
526634900.0,PubliusNV,7793,7445,False,FBI
234578556.0,Margee11,6167,6014,False,FBI
25422805.0,shesparky,649,1112,False,FBI
36649334.0,southroncross,557,290,False,FBI
3185665153.0,mulero_amy,1089,1940,False,FBI
7.93845e+17,buzford,712,951,False,FBI
8.7315e+17,VJappi,146,323,False,FBI
7.05427e+17,AIllinoi,4061,4118,False,FBI
3232186924.0,GigiLs88,2113,1970,False,FBI
8.85668e+17,MaryOsb36485285,3920,3797,False,FBI
8.7282e+17,DougIrwin8,3192,4970,False,FBI
740769140.0,LynnEva0806805,4890,4587,False,FBI
30583270.0,clementbrm,3277,2824,False,FBI
8.08797e+17,PamelaHazlett2,226,48,False,FBI
139211767.0,ladyghostrider,2547,2913,False,FBI
34850231.0,TonyinNY,628,691,False,FBI
1227891254.0,antgnats,2904,2920,False,FBI
269904676.0,2Ckm72,13983,12771,False,FBI
26223821.0,kcgilbert,676,1231,False,FBI
892531374.0,CA_4_TRUMP,6850,6431,False,FBI
2502871693.0,SweatyShaft,4516,1093,False,FBI
2422609288.0,auggone811,2766,4891,False,FBI
2357377808.0,knownhaha_,1627,1537,False,FBI
624412502.0,bugsbunny2062,2616,2662,False,FBI
58966831.0,VRWCTexan,41318,37474,False,FBI
29562953.0,DALHOU,1167,806,False,FBI
2200285879.0,Reederschloss,5656,5578,False,FBI
9.31107e+17,GraceHealz,697,881,False,FBI
17669533.0,jaxlaw,324,515,False,FBI
4195986111.0,BarbarianNorth,85,85,False,FBI
68234871.0,indyz11,2817,2786,False,FBI
3187370105.0,bizave,67,274,False,FBI
75830770.0,RichieMelville,1045,1144,False,FBI
265982345.0,ta_dieringer,2039,1938,False,FBI
1422065990.0,CarlaGreathouse,316,511,False,FBI
7.87973e+17,MeldeLawrence,14169,14159,False,FBI
3397401585.0,mimiinftworth,10822,10965,False,FBI
7.98717e+17,VaMercedeslady,1144,954,False,FBI
4077359361.0,welovetrump,2187,2031,False,FBI
270630789.0,nikkinbc,10261,10192,False,FBI
2400634681.0,hcadena77,38,87,False,FBI
7.81687e+17,TrumpWillWinnn,7963,8417,False,FBI
1418897785.0,TexasKahuna,563,553,False,FBI
4259264537.0,HeyRenee411,18,52,False,FBI
2927276992.0,harleygrl3465,14813,16273,False,FBI
4836715811.0,TrumpWeTrust,10080,11074,False,FBI
8.17143e+17,CalifCaro9,1427,2095,False,FBI
2569820373.0,1Globalprince,733,1189,False,FBI
14411136.0,SonyaSmith,1265,618,False,FBI
3358431453.0,DianePavlick,3194,4672,False,FBI
7.01498e+17,MikeTackett7,94,130,False,FBI
708087467.0,sixbennetts,2322,1289,False,FBI
494565007.0,MK_ULTRAH,254,245,False,FBI
435958880.0,pinksugar61,31808,24646,False,FBI
30371808.0,Lakehogs,691,1988,False,FBI
51967388.0,sag2horses,3917,4994,False,FBI
428372689.0,Ironmantri2005,282,315,False,FBI
2748136453.0,ARealKH,119,576,False,FBI
3309746437.0,shelleybear66,4219,4866,False,FBI
7.371e+17,MadamHunt,5780,5720,False,FBI
3082103783.0,geoboats,474,383,False,FBI
411980597.0,Gonzo_mlb_55,451,1142,False,FBI
190878483.0,Chris11962,24388,23090,False,FBI
8.97875e+17,Beachbum04956,1098,976,False,FBI
49764270.0,adamsjq,92,198,False,FBI
2534908328.0,PublicOffendor,1990,3485,False,FBI
4310068815.0,LATINAUSA22,557,526,False,FBI
3306074757.0,BB_4every1,186,92,False,FBI
4834923616.0,SonOfScotland70,2896,5000,False,FBI
314722934.0,MyManJimmyJack,3312,1139,False,FBI
302275690.0,aShantyIrish,8032,7525,False,FBI
7.60255e+17,andyblandina,1715,1399,False,FBI
540627588.0,WiseGuy82433,64,713,False,FBI
2853516157.0,kathijo29,2274,1991,False,FBI
3124377096.0,caldad900,1866,3087,False,FBI
3037073287.0,AlexMoreganXP,423,777,False,FBI
589761428.0,pdpursell,3615,3540,False,FBI
8.22963e+17,BattleSwine,4059,4999,False,FBI
2241671448.0,m27731630,4998,5052,False,FBI
26447410.0,gardenofthegods,16387,16779,False,FBI
8.49394e+17,razorsharp747,1151,1328,False,FBI
8.39706e+17,dplorabl,403,1388,False,FBI
470977231.0,H_island55,52,62,False,FBI
615756387.0,buckeye2973,2560,2710,False,FBI
66054233.0,Adjustedwell,18133,19931,False,FBI
16054649.0,SalaciousSully,5255,1755,False,FBI
7.80045e+17,jasminesea2,826,971,False,FBI
8.20802e+17,johnflick3460,2320,4994,False,FBI
7.4972e+17,JennTPDang,88,14,False,FBI
15809321.0,irishgalartist,1340,1897,False,FBI
587001375.0,VRWCmama,137,253,False,FBI
117510407.0,ignorancecosts,2950,3021,False,FBI
7.18658e+17,conservativwife,3208,3723,False,FBI
8.79082e+17,karmajanice,18,71,False,FBI
15539973.0,greensolutions,5222,5167,False,FBI
9.5851e+17,TexasKimberley,2783,2205,False,FBI
355247132.0,dogget09,2158,3111,False,FBI
67614171.0,deemat727,204,101,False,FBI
2606631223.0,Livnltlv,1777,2591,False,FBI
709600478.0,rudy22ortiz,3347,4998,False,FBI
8.83783e+17,GregRisner3,72,188,False,FBI
56097026.0,JayWrenn,315,107,False,FBI
7.06157e+17,R_Daneel_0livaw,1786,1716,False,FBI
268342686.0,kemventrca,399,655,False,FBI
9.33464e+17,wpatriot906,617,769,False,FBI
755895528.0,YourSpeakerz,482,1472,False,FBI
7.35985e+17,Mamasnothappy,9682,6389,False,FBI
3681039497.0,cdzapolsky1,2282,1401,False,FBI
400294294.0,birrdytalk,8852,9363,False,FBI
451272899.0,drmojo1975,3818,5000,False,FBI
885737311.0,LindaLeeWhite,4547,4642,False,FBI
1892129191.0,PoliticalBarb,2918,3772,False,FBI
579661604.0,silentandeadly,304,162,False,FBI
1941778850.0,Homeofthetitans,558,139,False,FBI
41378243.0,Sean_Doheny,878,1067,False,FBI
22089171.0,alphonselouis,1588,5000,False,FBI
312860202.0,Cityofwise,430,649,False,FBI
8.40792e+17,Daniela82555643,814,966,False,FBI
196324855.0,mbober99,1142,2477,False,FBI
36502981.0,crazymamaa,2386,2397,False,FBI
9.03724e+17,CherylBrantle16,1256,1300,False,FBI
4315617796.0,snoozinglion1,4532,4998,False,FBI
8.93851e+17,denise_snively,379,586,False,FBI
2181807818.0,IowaBruce,2088,2638,False,FBI
132349883.0,philly2shoes,805,1368,False,FBI
60403583.0,1catherinesiena,10387,10700,False,FBI
8.8237e+17,nonnieh65,2624,2531,False,FBI
2213157290.0,wendellshaw5,6503,6726,False,FBI
91581108.0,TOOSHORT1976,144,163,False,FBI
7.52276e+17,GoTrumpFL,6581,6707,False,FBI
3886155499.0,theclew24,1818,2293,False,FBI
8.28184e+17,k2patriot,2607,3381,False,FBI
2217054002.0,biggins_so,2741,3147,False,FBI
23721998.0,StaceyMaLaine,6124,5374,False,FBI
5980172.0,Ic3b3rG_sLiM,194,389,False,FBI
3077398541.0,CerulloElaine,984,1381,False,FBI
24369345.0,cc125,2076,2837,False,FBI
8.54777e+17,Big_DaddyWalter,7002,6716,False,FBI
16982767.0,profcarrington,3907,3931,False,FBI
8.46108e+17,onlikeneckbone,417,393,False,FBI
1167445454.0,BarbaraHenley3,7543,7623,False,FBI
8.38225e+17,VaLarry1200,6962,7164,False,FBI
1077390931.0,SAlabamaNobody,11402,12541,False,FBI
7.97865e+17,ProudOkie897,1820,3685,False,FBI
9.32074e+17,Pamkarr3,1954,2367,False,FBI
9.28794e+17,__preciousgem__,13,33,False,FBI
766333608.0,melissae777,1763,1533,False,FBI
67503749.0,CarolMBoothe,11946,11432,False,FBI
9.59017e+17,sunich_cindy,228,164,False,FBI
67921395.0,fletchefwl,760,1246,False,FBI
9.28434e+17,RealJhaeson1,514,732,False,FBI
9.00483e+17,loganPWsmith,46,57,False,FBI
7.19674e+17,donnalea1788,8179,8188,False,FBI
7.38509e+17,MarilynJLevins1,14307,12452,False,FBI
8.93643e+17,mdaddythefirst,3153,4910,False,FBI
4562138564.0,PaytonBennett5,10063,10265,False,FBI
8.87015e+17,1acemadsen1,13586,14853,False,FBI
1938190794.0,Saltasylum,122,235,False,FBI
9.45325e+17,VondaHendersho1,1070,1128,False,FBI
931289130.0,LadyRoyMustang,2526,2400,False,FBI
8.97132e+17,Jr88503261,695,847,False,FBI
91634316.0,AliceAPatriot,3770,4950,False,FBI
37540072.0,HazelPennicott,645,503,False,FBI
25138643.0,JLynMilele,389,840,False,FBI
8.22279e+17,RonMcMexico,141,105,False,FBI
1553356248.0,1996Oakhill,2823,2618,False,FBI
8.32675e+17,OregonTE,142,97,False,FBI
520663314.0,BrociousDwight,3334,4012,False,FBI
1658154254.0,Bloviate_Barbie,7109,2328,False,FBI
532485646.0,CarolynFurman,1659,2111,False,FBI
2777081299.0,gwilliams3024,3181,3903,False,FBI
54636187.0,cubbiebear07,242,889,False,FBI
797116675.0,MikeJackson9701,1911,1621,False,FBI
8.93569e+17,MAGA4Patriots,2153,2802,False,FBI
962016426.0,TMikeG13,212,462,False,FBI
7.19277e+17,i_libros,196,48,False,FBI
213451424.0,Shelley2021,4467,4770,False,FBI
9.26437e+17,HW525i,749,436,False,FBI
176211651.0,suezeecue56,107,91,False,FBI
7.92241e+17,clr0120,881,959,False,FBI
23317891.0,docdhj,18137,4414,False,FBI
9.579e+17,Avenger2Toxic,6356,6954,False,FBI
8.17073e+17,QuintonGodsell,2802,3159,False,FBI
9.56273e+17,sydneyann2018,491,633,False,FBI
7.31257e+17,DoreeeV,2084,976,False,FBI
822573007.0,AmericanHere,3322,2822,False,FBI
4491996682.0,fleekirony,2032,5001,False,FBI
157463086.0,gscarroll47,3810,4999,False,FBI
4784789288.0,awiseman1said,98,624,False,FBI
2469846570.0,ThatNiggaRoy,224,142,False,FBI
2904787946.0,swaggylibrarian,572,675,False,FBI
141950326.0,chefboutwell,1415,5090,False,FBI
250324092.0,bigmeatmonk,1320,136,False,FBI
7.10933e+17,carolchatttown,603,1149,False,FBI
1650511974.0,MMsharbono,1890,1462,False,FBI
1717219453.0,inscnc,13371,14456,False,FBI
2363092086.0,Navy_Joe7,827,1057,False,FBI
9.21854e+17,judy_olevia,1170,1978,False,FBI
7.19662e+17,cantgeterdone,19979,21950,False,FBI
9.41164e+17,Fr33dom4theWIN,4020,4336,False,FBI
120881763.0,wendypooh63,1610,1800,False,FBI
3416505311.0,LuvMyAmerica,7550,7972,False,FBI
33315372.0,Dope_Dave,413,451,False,FBI
7.13097e+17,AmericanistTime,1348,1325,False,FBI
72677520.0,Aschettino,1718,2475,False,FBI
3383049855.0,CrazyAboutTrump,50879,2183,False,FBI
7.68727e+17,MutluUm4711,485,577,False,FBI
426797551.0,Allen_Massey,202,472,False,FBI
9.49014e+17,Margare98114710,183,492,False,FBI
307204302.0,WilkesTbredFarm,905,829,False,FBI
2560180003.0,BenKenn81,2633,4998,False,FBI
8.27522e+17,HappMartin,3027,3795,False,FBI
8.26566e+17,SethRichs_ghost,549,812,False,FBI
9.20127e+17,TurnbuckleJuddy,100,113,False,FBI
1072323325.0,onlyXknives,1009,70,False,FBI
322061908.0,trumped_trump,5145,5658,False,FBI
27686745.0,Collette_AZ,4256,1601,False,FBI
1909451209.0,lmlastla,2262,786,False,FBI
554532173.0,Headline_ws,17484,11554,False,FBI
7.09388e+17,RealChrisLNix,3253,2389,False,FBI
956119514.0,JohnMicK17,48,124,False,FBI
3950834446.0,Cb59Carolina75,5098,5147,False,FBI
3178690927.0,CritchleyBob,4973,5450,False,FBI
8.23735e+17,Handle_This2,729,345,False,FBI
61337234.0,Rick_Ingersoll,1526,40,False,FBI
31117142.0,tjginnynm,5222,5710,False,FBI
453570518.0,TheZullinator,2520,3203,False,FBI
848206806.0,geewhiz1988,1845,1339,False,FBI
26554538.0,HighCapacityMI,178,309,False,FBI
3419869632.0,BicknellShirley,839,227,False,FBI
7.86027e+17,blissparsons1,183,254,False,FBI
395460750.0,Aprilm24,31,287,False,FBI
35502377.0,djf8661,42,88,False,FBI
1611213139.0,juliegw613,4341,4218,False,FBI
569473957.0,BarrSharp,1312,611,False,FBI
48467882.0,rottiefreek,2804,2424,False,FBI
9.3765e+17,DSaatco,965,4884,False,FBI
305375306.0,JunesLavender,229,1077,False,FBI
8.75017e+17,LaylaAlisha11,8932,8110,False,FBI
61493280.0,jbostonbaby,2495,3925,False,FBI
8.2472e+17,Aungiexyz,3434,3299,False,FBI
1112144912.0,mydogskylar,3025,3007,False,FBI
35127816.0,Konell,4863,4400,False,FBI
16041244.0,earnest1212,1530,3479,False,FBI
2703114008.0,sandiv11,6394,5369,False,FBI
3196750619.0,fcdpainting,556,602,False,FBI
9.44054e+17,hectic_monty,160,172,False,FBI
2472079988.0,RCLessig,1328,4026,False,FBI
1977365496.0,pal29b,5322,5836,False,FBI
348732291.0,PamStrawder,4420,4900,False,FBI
480923004.0,ReneeMcCone,1611,1983,False,FBI
7.32843e+17,canuckforbernie,1101,1144,False,FBI
3954436523.0,GeneraLeeIntuit,278,1100,False,FBI
2500199586.0,MrEd331,1208,1334,False,FBI
841777388.0,jamesjburkeIII,1381,1419,False,FBI
2750551661.0,p_trotter,170,115,False,FBI
4911562630.0,whacky614,438,475,False,FBI
7.91089e+17,deaddeer4me,2120,2719,False,FBI
914094918.0,tstless,264,92,False,FBI
194581517.0,lanstead777,3657,4921,False,FBI
8.30555e+17,barrettrh51,19402,19112,False,FBI
8.00123e+17,KendraVondersa3,4840,5327,False,FBI
3584299873.0,JohnRomaniello4,211,104,False,FBI
2964538143.0,BANGsteel308,235,527,False,FBI
9.00241e+17,Gotmyeyesopened,2171,2195,False,FBI
7.84991e+17,Getaclue77,741,218,False,FBI
2241346555.0,ThebigNorm,292,506,False,FBI
24215027.0,kverzwyvelt,338,243,False,FBI
8.11936e+17,indyjasa,2695,1449,False,FBI
191662607.0,KSTAR102TALK,12441,13563,False,FBI
4261744219.0,Roxanna_Watrous,2636,1943,False,FBI
2892439622.0,IamnotabotZee,4946,5277,False,FBI
8.95619e+17,Jonatha66101739,423,484,False,FBI
7.92055e+17,KLRodgers3,1026,378,False,FBI
3182534497.0,JamesonFoge,1054,1230,False,FBI
3169366382.0,PattyZadorsky,294,220,False,FBI
71926170.0,PatriotCzar,12052,11916,False,FBI
3342447502.0,sk_omis,703,1694,False,FBI
502293399.0,ElizabethParenz,122,95,False,FBI
4751654380.0,Happyboater1,1264,1402,False,FBI
3528734117.0,putinspaidtroll,448,1162,False,FBI
800929074.0,KarolynRae,4791,4648,False,FBI
3239660955.0,mcrae_lynn,2651,4490,False,FBI
9.50898e+17,JohnWic00854718,1961,1943,False,FBI
8.35336e+17,kingcyrus45,57,81,False,FBI
48204443.0,alfolart,5685,6049,False,FBI
4388425035.0,RevenuConsultnt,4583,4664,False,FBI
293328771.0,ockercobber,286,934,False,FBI
7.86384e+17,norhino777,1208,1315,False,FBI
18256926.0,wasteoftym,478,809,False,FBI
9.544e+17,Loretta96727708,1330,1366,False,FBI
2679788407.0,dee4peace,2037,1237,False,FBI
252821969.0,cyndun,291,1133,False,FBI
61248327.0,supergbp,2212,4062,False,FBI
37076194.0,Saraleeandme,2559,3704,False,FBI
3066863551.0,Nation_017,3448,3617,False,FBI
1583545832.0,ErynGreenfield,3313,4894,False,FBI
725009083.0,ReviveLiberty,4012,4269,False,FBI
2179367215.0,PonoLight,1809,2279,False,FBI
485310129.0,WickedBecks,10004,9899,False,FBI
8.83856e+17,gunner_fourit,48,48,False,FBI
384610552.0,kchuck422,289,1177,False,FBI
2555668158.0,PattiParallax,2587,3005,False,FBI
3000547545.0,LauraLopGold,155,208,False,FBI
4406228013.0,Pathia378,142,116,False,FBI
36041523.0,theo1972,3111,3027,False,FBI
323429654.0,ClintonLee1,645,603,False,FBI
354593834.0,francesme,5864,5019,False,FBI
43232530.0,EternalRiteWing,23822,14606,False,FBI
7.21061e+17,vincent_goetz,2283,3327,False,FBI
257399079.0,CarterFliptMe,15285,15412,False,FBI
8.78004e+17,TerryBPA816,58,408,False,FBI
8.24425e+17,SherryWall20,587,426,False,FBI
550374532.0,4RealWomen_,200,265,False,FBI
94464086.0,gsdakar,9358,9256,False,FBI
1231730521.0,ArriveBig,530,2351,False,FBI
35901497.0,Ladderman421,53,860,False,FBI
532459682.0,MarianCantwellF,3937,5005,False,FBI
566820033.0,foofannv,1184,1466,False,FBI
15502219.0,Nucleonic,1096,2317,False,FBI
2886960807.0,bgdepuy,523,475,False,FBI
902890508.0,AdrienneM5,676,496,False,FBI
7.8346e+17,IdahoDeplorable,4214,4969,False,FBI
427443197.0,MZEMLICKA,1058,1637,False,FBI
9.31805e+17,ColorsFlight,99,158,False,FBI
519899474.0,LucyKnows1,2647,3173,False,FBI
1160766410.0,chercatplayer,778,887,False,FBI
384508710.0,shawnaraereed,595,142,False,FBI
8.39507e+17,Pilotforever83,7200,7414,False,FBI
129262829.0,JerseyInfidel74,2316,2181,False,FBI
994902187.0,annbeth22845,3783,4954,False,FBI
33841508.0,WRKSNFX,595,772,False,FBI
9.61723e+17,Trixi888,261,616,False,FBI
8.01225e+17,_Luv_MAGA,9766,8922,False,FBI
953191950.0,WatergirlOne,371,736,False,FBI
4744826952.0,pjcobbrocks5,3853,3541,False,FBI
4805891677.0,Lookupcolorado2,3584,5002,False,FBI
52598696.0,Chisholmswife,3474,4411,False,FBI
626204747.0,akdir1,717,1448,False,FBI
40189359.0,o1d_dude,9424,9684,False,FBI
9.32798e+17,GaderJef,4256,3889,False,FBI
9.22986e+17,dianeth1616,930,1157,False,FBI
2222425307.0,DonyFresh24,309,470,False,FBI
477425374.0,GregoryPeck666,1192,1930,False,FBI
3423521273.0,LynnWoodcock2,6000,5269,False,FBI
2491898226.0,lkgoodridge,4174,4995,False,FBI
8.06269e+17,KPKlaas,294,265,False,FBI
135315920.0,blackjackpupil,273,1563,False,FBI
2983991113.0,LindaRockers,11615,11755,False,FBI
7.99226e+17,lakelady568,1411,2437,False,FBI
8.91957e+17,ECraigJones,59,184,False,FBI
863018437.0,shotgunfetus,191,260,False,FBI
7.60799e+17,RussellHollope2,418,448,False,FBI
1297532438.0,camillevaldez10,461,185,False,FBI
8.76066e+17,Mc61859665Cindy,1012,1647,False,FBI
7.68303e+17,SandraWeiland2,20,63,False,FBI
353463744.0,banawedata,646,152,False,FBI
915677713.0,ChuckInMemphis,2821,2364,False,FBI
9.57349e+17,Sainthinds,151,333,False,FBI
34605070.0,sisisis57,700,331,False,FBI
103559101.0,fauxgoddess386,1389,2210,False,FBI
4252187848.0,CatSteiger2,309,635,False,FBI
7.79005e+17,vaughanvoice,1177,1361,False,FBI
2859702526.0,BonnieGranny,47048,46551,False,FBI
7.59951e+17,jean_mccardle,286,389,False,FBI
7.84781e+17,indymynoritee,4225,4769,False,FBI
1340187228.0,RoxanaAponteCo,86,150,False,FBI
345644480.0,Americasgarden,3041,3051,False,FBI
3819449786.0,UchtTom,569,1600,False,FBI
3187327858.0,flashyne1,127,255,False,FBI
30357145.0,WendyDStevens,118,1616,False,FBI
8.51813e+17,preyeyinkore,1857,1899,False,FBI
7.0542e+17,pokerhanos,2099,2380,False,FBI
350244341.0,92dnert4912,227,639,False,FBI
471038551.0,RemoveFromPower,4286,4688,False,FBI
9.40422e+17,LisaSlo96215473,34,50,False,FBI
257583710.0,HibiscusAz,36,178,False,FBI
8.93588e+17,3rdtime77,990,1397,False,FBI
20454143.0,FORZAITALIA0513,468,822,False,FBI
9.28187e+17,rjmc_84,35,105,False,FBI
4865796322.0,Richard01702798,13143,11361,False,FBI
9.19597e+17,HarveyHugo001,1263,2596,False,FBI
8.81624e+17,RogerSoucyJr,483,500,False,FBI
8.70351e+17,Richard29895873,18,86,False,FBI
41133237.0,TJWAEGHE,437,1370,False,FBI
7.87844e+17,DebraSueHartma1,82,72,False,FBI
3948856893.0,bbay616,117,308,False,FBI
424927514.0,Toimatom,48996,38959,False,FBI
830918346.0,mistyblue20109,2005,2472,False,FBI
874857829.0,kelleyh1961,4779,3240,False,FBI
2920651226.0,Wondering_Muse,634,1117,False,FBI
2871257389.0,CindyDcmurphy,717,870,False,FBI
328724888.0,Queenspiderz,941,873,False,FBI
9.13147e+17,JenniferJx5,2985,3110,False,FBI
30177756.0,Scrappy_Patriot,740,651,False,FBI
1598748980.0,20Sylly13,608,657,False,FBI
2654356639.0,totemranch613,3691,2552,False,FBI
1855170788.0,eyesonolive,2257,3023,False,FBI
8.02552e+17,Christine71717,276,171,False,FBI
8.6741e+17,40thand45th,1779,1781,False,FBI
325807495.0,parismcv,79,381,False,FBI
1302259758.0,southernams,569,2468,False,FBI
7.83517e+17,PatriotJoe34,651,571,False,FBI
100079835.0,old_mum,1311,861,False,FBI
8.31597e+17,JuneSmith888,1856,456,False,FBI
817997366.0,lucille46904543,266,462,False,FBI
8.23903e+17,SumpterSusan,1473,2319,False,FBI
2804044016.0,DevRacing,2222,3600,False,FBI
298922381.0,mhilgtx,165,480,False,FBI
194512508.0,Tigersharke,610,531,False,FBI
252368246.0,citizenpolitic,1454,2439,False,FBI
2177878212.0,willking3812,314,967,False,FBI
861489878.0,cbfrasier13,760,772,False,FBI
122241218.0,tinazart,1007,1184,False,FBI
2372934407.0,onehothand68,54,55,False,FBI
32557077.0,cherylcope,1349,1638,False,FBI
537370534.0,DA4Liberty,3555,4125,False,FBI
28277850.0,SunnyDayDreamer,3333,4182,False,FBI
15995652.0,VicLovesAnimals,17042,14938,False,FBI
1860783619.0,Gina4Trump,18962,17311,False,FBI
519744927.0,SOTUDcom,1292,1541,False,FBI
4476055634.0,Meauxjeaux778,226,644,False,FBI
19342389.0,murphstix,818,845,False,FBI
18929394.0,frespirit01,4760,2572,False,FBI
3095458611.0,cb55uic,4063,3605,False,FBI
7.13583e+17,NikkiJohn1976,8050,8035,False,FBI
7.70775e+17,Punkster1011,3147,2775,False,FBI
2352500341.0,EdFlatbeded,2237,2542,False,FBI
2740367668.0,AlamoEdward,584,944,False,FBI
913225194.0,kevin9359,6752,6565,False,FBI
838077768.0,RaisedRight45P,728,1591,False,FBI
962666845.0,McGeheeCurry,435,658,False,FBI
136487125.0,Jerzygma,6306,6761,False,FBI
7.93962e+17,fivepoundpossum,2501,2947,False,FBI
33735629.0,UrielAMessenger,3473,3927,False,FBI
8.28452e+17,Annagre69728429,2005,2546,False,FBI
89423321.0,mihalikk,289,227,False,FBI
344998811.0,Pampeans,224,1005,False,FBI
330706802.0,AkiraFactor,1551,4898,False,FBI
1730095848.0,wheedass,210,92,False,FBI
7.73878e+17,MrktngReeDZined,7,89,False,FBI
8.40319e+17,mimimayes13,6955,6676,False,FBI
2780030212.0,philipjanpaul,1787,2519,False,FBI
9.07738e+17,Trina1732674,588,540,False,FBI
7.95334e+17,Sootsgary,20,79,False,FBI
2746715058.0,suzannemc1967,3788,4732,False,FBI
7.45569e+17,BearBones5,2103,2170,False,FBI
9.66325e+17,Me65906596,10,25,False,FBI
7.1708e+17,Katherine022610,3541,2908,False,FBI
8.71436e+17,AlishaC144,291,996,False,FBI
8.33509e+17,MomDeplorable,2786,3411,False,FBI
534922330.0,RosieBud521,1495,1840,False,FBI
2599144755.0,PatriotBam,2883,3709,False,FBI
20690224.0,turnturnturn,37,85,False,FBI
4828346811.0,rafaelvelez311,1432,1857,False,FBI
387493047.0,Chrispyandfried,302,259,False,FBI
7.86583e+17,for_whatsright,85,333,False,FBI
20348348.0,map301,99,144,False,FBI
81951329.0,TraceyAynn,363,789,False,FBI
489921966.0,JoseQuintana37,321,249,False,FBI
7.32316e+17,CommonSenseWoma,1730,1513,False,FBI
2450202811.0,JMesarch,2990,2876,False,FBI
111992008.0,vivianmtl,8642,7899,False,FBI
44437293.0,piprincess,637,629,False,FBI
7.03372e+17,Jo_LuciaLuciano,10887,9865,False,FBI
3280759585.0,Raeakepler,2524,2634,False,FBI
7.05442e+17,DanaRuxi123,5600,6164,False,FBI
8.23506e+17,marklee90667606,1338,2441,False,FBI
135253565.0,Magic9775,287,750,False,FBI
239434203.0,TheRealWillLich,629,431,False,FBI
8.1826e+17,Rockies6020111,3962,4981,False,FBI
143119861.0,EveaFrank,1958,1831,False,FBI
7.92767e+17,Datruseeka,732,1095,False,FBI
9.56554e+17,BraggLynda,189,858,False,FBI
3144473628.0,jlw_jamie,1497,1954,False,FBI
48981836.0,Nabonnand,1826,2625,False,FBI
2270517973.0,DDbeyork,12438,13137,False,FBI
4581136053.0,debbiegar2,419,384,False,FBI
225741490.0,Famoyegun_S,2051,1297,False,FBI
8.29841e+17,lfmidwood,353,632,False,FBI
20628670.0,RamblingMother,2519,2134,False,FBI
7.77926e+17,1950_brown,408,315,False,FBI
143586248.0,vkinkela,3831,3434,False,FBI
8.23277e+17,patriotsuzy,1157,1060,False,FBI
1393625407.0,JillDarrah,2034,1053,False,FBI
277817081.0,sandra91767,1166,524,False,FBI
4141243093.0,TRUMP_DUDE65,1061,3185,False,FBI
491813133.0,SamboWaldinger,2959,2912,False,FBI
404967429.0,xmasisgreat,362,163,False,FBI
7.52279e+17,Silver28208Lee,4389,4854,False,FBI
8.30988e+17,JoseCor50922520,283,170,False,FBI
4568453987.0,THESLAMMMMER,22168,20870,False,FBI
2579230863.0,theposse10,1322,2369,False,FBI
8.15388e+17,Tracy013sgirl1,2525,3831,False,FBI
883263121.0,brooktsmom,2668,1446,False,FBI
8.28907e+17,TheRoboCartMan,4098,4992,False,FBI
1558202438.0,burke_tl,8322,8196,False,FBI
295195137.0,bostonirish4,766,1073,False,FBI
496430633.0,nb237,181,229,False,FBI
2279221296.0,leswest42,195,278,False,FBI
23237954.0,pacaf1970,2381,2485,False,FBI
58869220.0,Jim_Peoples_,33384,35322,False,FBI
3092759370.0,KellyDetoni,7064,6877,False,FBI
558294779.0,PatrioticCindy,15466,15880,False,FBI
216534004.0,TheBigRuss77,6612,7257,False,FBI
3223458122.0,pdown313,376,194,False,FBI
2189248771.0,markvarga3,1213,1155,False,FBI
3161702264.0,stayyoungaft50,9604,9644,False,FBI
8.88929e+17,mikesag12,148,821,False,FBI
2302191793.0,hashdragg,4400,4750,False,FBI
7.5881e+17,jdgentrified,417,472,False,FBI
8.65316e+17,TinaOGbiker,6483,6215,False,FBI
9.23621e+17,Michael29231979,11245,12211,False,FBI
1495747434.0,lauracgilleslil,7099,7575,False,FBI
33320422.0,JoAnnEileen,8435,9097,False,FBI
993961088.0,HildCs,502,1042,False,FBI
8.61664e+17,Trump48_62,16525,9202,False,FBI
8.1698e+17,BethellMarilyn,3159,2963,False,FBI
1078645262.0,ka2wye,790,708,False,FBI
1037247092.0,T2Rantor,522,625,False,FBI
7.7401e+17,Gracecourtwrig3,3092,2051,False,FBI
321448767.0,LakesPlace,4522,4502,False,FBI
2829196009.0,TrumpCat04,6547,6449,False,FBI
2209379022.0,LemonLadyNancy,4379,5000,False,FBI
8.27227e+17,Yodleso,10289,10572,False,FBI
29108589.0,starlady24,9052,9419,False,FBI
8.19232e+17,LoraJanePerkin3,2326,393,False,FBI
8.08086e+17,SamuelShawAllen,1596,3147,False,FBI
473523572.0,NanaVLee7,2742,2091,False,FBI
9.6646e+17,GainsHenry,741,751,False,FBI
2429587585.0,Hwnguyinjpn,119,148,False,FBI
1472504318.0,3ButterflysMama,194,501,False,FBI
3102326202.0,samviada,327,286,False,FBI
339001318.0,kuhnu2012,3063,3671,False,FBI
9.30863e+17,RBerg08674810,92,124,False,FBI
573714001.0,dpace30,1646,4994,False,FBI
7.73225e+17,DoctorSekzi,8561,8705,False,FBI
172831033.0,mishymoddle,1277,1477,False,FBI
7.50152e+17,AliceJane2016,235,150,False,FBI
59295966.0,2hearts4life,1811,3921,False,FBI
8.90981e+17,Kel9631,4,33,False,FBI
1666456460.0,sleepygramy,1607,2008,False,FBI
8.25151e+17,PSupporter46,28048,28213,False,FBI
8.23943e+17,NicDavidowitz,1742,1658,False,FBI
2252519420.0,shonscott_,1398,4108,False,FBI
1345401492.0,jokesonus4sure,14361,14535,False,FBI
22313851.0,dem_deplorable,6071,5256,False,FBI
7.88021e+17,Vscrt001,4482,4987,False,FBI
9.6572e+17,tafl56,3293,3428,False,FBI
8.26587e+17,LiberalsNo,3382,3877,False,FBI
9.62863e+17,jlsnojustice,1309,1414,False,FBI
7.60953e+17,1nuga,49,56,False,FBI
549600981.0,stopthatjunk,2819,3041,False,FBI
3242996371.0,GrammaToJakes,243,675,False,FBI
15120975.0,peppermint_patt,1709,825,False,FBI
222292926.0,IlvenMustafa,434,1426,False,FBI
143422660.0,frfun0101,948,956,False,FBI
9.40382e+17,PatriotSally,4284,3289,False,FBI
7.10901e+17,JamieOw06143013,688,1576,False,FBI
7.92871e+17,Memphisbelle51,2086,2270,False,FBI
1950478830.0,sknightonMAGA,4709,4776,False,FBI
793880558.0,GiGito31959,5052,4547,False,FBI
1107331129.0,ole_47,4741,5028,False,FBI
4871863612.0,JoanofAmerica,11877,12945,False,FBI
3104545022.0,janismclaren1,4154,4943,False,FBI
9.48261e+17,Lilly24252819,1747,2932,False,FBI
373514524.0,Dunagan43,13,371,False,FBI
24415592.0,Deplorable_Dem,4016,4987,False,FBI
18673125.0,rmack2x,13941,12398,False,FBI
8.86269e+17,DianeMo24012416,8204,7920,False,FBI
7.89613e+17,EvOConnor15,13966,14006,False,FBI
9.55421e+17,TheTextureThing,105,341,False,FBI
68478502.0,supermanx871,1893,4332,False,FBI
3266602596.0,John40711616,2575,3059,False,FBI
8.0953e+17,bigsarg1sg,4121,4938,False,FBI
1666122666.0,gmail_hess,281,539,False,FBI
529714870.0,Ninapina55,47,201,False,FBI
84665395.0,NinaLachmatova,2270,4113,False,FBI
228736760.0,ginap4462,1961,3138,False,FBI
8.67863e+17,DarrellBryaneos,3408,4971,False,FBI
8.23735e+17,burcham2mary,1002,1359,False,FBI
3291681073.0,De1traveler,240,375,False,FBI
8.01135e+17,Ozato2000,2810,2805,False,FBI
8.03698e+17,PamelaB61535380,15099,11791,False,FBI
4542799764.0,donnadstout,469,322,False,FBI
